Neighborhood,SalePrice,LotArea,BedroomAbvGr,FullBath,OverallQual,YearBuilt
CollgCr,208500,8450,3,2,7,2003
Veenker,181500,9600,3,2,6,1976
CollgCr,223500,11250,3,2,7,2001
Crawfor,140000,9550,3,1,7,1915
NoRidge,250000,14260,4,2,8,2000
Mitchel,143000,14115,1,1,5,1993
Somerst,307000,10084,3,2,8,2004
OldTown,129900,6120,2,2,7,1931
BrkSide,118000,7420,2,1,5,1939
Sawyer,129500,11200,3,1,5,1965
NridgHt,345000,11924,4,3,9,2005
CollgCr,279500,10652,3,2,7,2006
BrkSide,132000,6120,2,1,7,1929
SawyerW,159000,13695,3,1,5,2004
NAmes,139000,7560,3,1,5,1958
NridgHt,325300,14215,4,3,8,2005
IDOTRR,139400,7449,3,1,7,1930
CollgCr,230000,9742,3,2,8,2002
MeadowV,129900,4224,3,1,5,1976
NridgHt,256300,14230,3,2,8,2007
NAmes,134800,7200,3,1,5,1951
NridgHt,306000,11478,3,2,8,2007
NAmes,207500,16321,2,1,5,1957
BrkSide,68500,6324,1,1,4,1927
IDOTRR,40000,8500,3,1,4,1920
CollgCr,179900,11049,3,2,8,2007
NAmes,165500,10552,4,1,5,1959
NridgHt,277500,7313,2,2,9,2005
NridgHt,309000,13418,4,3,8,2004
CollgCr,145000,10859,3,1,5,1994
NAmes,153000,8532,3,1,5,1954
NAmes,109000,7922,3,1,5,1953
NAmes,160000,8658,3,2,6,1965
Timber,170000,16905,2,1,5,1959
NAmes,141000,7945,3,1,5,1959
NridgHt,319900,7658,2,2,9,2005
Mitchel,239686,12822,1,1,7,2003
Somerst,249700,11096,3,2,8,2006
Sawyer,127000,7742,3,1,5,1966
BrkSide,114500,6240,3,1,6,1934
IDOTRR,110000,8472,2,1,5,1963
Veenker,385000,50271,0,0,9,1981
NAmes,130000,7134,3,1,5,1955
NAmes,180500,10175,3,2,6,1964
Somerst,172500,2645,3,2,8,1999
CollgCr,196500,11645,3,2,7,2004
StoneBr,438780,13682,3,3,10,2006
CollgCr,124900,7200,2,1,5,1972
SawyerW,158000,13072,3,1,6,2004
IDOTRR,101000,7200,3,1,5,1920
NridgHt,202500,6442,2,2,8,2006
OldTown,140000,10300,3,2,7,1921
NridgHt,317000,9591,4,2,8,2004
CollgCr,226000,10665,3,2,7,2003
OldTown,80000,4608,2,1,4,1945
ClearCr,225000,15593,3,2,7,1953
NAmes,244000,13651,3,2,7,1973
Mitchel,129500,7599,2,1,4,1982
Gilbert,185000,10141,3,2,7,1998
NAmes,144900,10200,3,1,5,1954
OldTown,107400,5790,3,2,3,1915
MeadowV,91000,1596,2,1,4,1973
BrkSide,127000,8635,2,1,5,1948
OldTown,110000,10440,2,1,5,1910
NAmes,193500,13000,4,2,6,1968
Mitchel,153500,4500,2,2,6,1998
Somerst,245000,10206,3,2,8,2007
NAmes,126500,8892,3,1,5,1960
NoRidge,260000,16059,4,2,8,1991
Gilbert,174000,11911,3,2,6,2005
Somerst,164500,3951,2,2,6,2009
NAmes,98600,8500,2,1,5,1961
Crawfor,163500,13360,2,1,5,1921
OldTown,133900,7200,4,2,6,1910
CollgCr,204750,9337,3,2,6,1997
CollgCr,214000,10264,3,2,7,1999
Edwards,94750,10921,3,1,4,1965
Edwards,83000,10625,2,1,5,1920
SawyerW,178000,9206,3,2,6,1985
CollgCr,198900,10402,3,2,7,2009
Somerst,250000,9375,3,2,8,2003
OldTown,100000,10800,2,1,4,1885
OldTown,115000,6000,2,1,5,1948
NWAmes,190000,11751,3,2,6,1977
Edwards,136900,9525,4,2,6,1954
CollgCr,383970,9965,4,2,7,2007
Crawfor,259500,7259,3,2,6,1945
Somerst,176000,3230,2,2,6,1999
Edwards,155000,8536,2,1,5,2006
SawyerW,320000,12376,5,3,7,1990
CollgCr,163990,8461,3,2,6,2005
IDOTRR,100000,6060,3,1,4,1939
NAmes,136000,9464,3,1,6,1958
SawyerW,153900,7892,2,2,6,1993
NWAmes,181000,17043,3,2,6,1979
NAmes,155000,7590,3,1,6,1966
NAmes,150000,8973,3,1,5,1958
NAmes,226000,14200,4,2,7,1966
NAmes,150750,7388,3,1,5,1959
Sawyer,180000,10335,3,2,5,1968
NWAmes,174000,10400,3,2,7,1970
Mitchel,171000,11070,5,3,7,1988
CollgCr,230000,9066,3,2,8,1999
CollgCr,231500,15426,3,2,6,1997
CollgCr,260000,11645,3,2,7,2005
NAmes,166000,8520,4,2,5,1952
CollgCr,204000,10335,3,2,7,1999
Sawyer,125000,9100,6,2,5,1963
Edwards,130000,2522,3,2,6,2004
BrkSide,105000,6120,2,1,5,1931
CollgCr,122000,10356,3,1,5,1975
NridgHt,372402,13891,2,2,8,2007
OldTown,125000,11340,4,1,6,1923
Timber,269500,12003,4,2,8,2009
Somerst,254900,12552,3,2,7,2004
Gilbert,320000,19378,4,2,7,2005
NridgHt,412500,13688,3,2,9,2003
NridgHt,220000,12182,3,2,7,2005
OldTown,152000,5400,3,2,6,1926
NridgHt,325624,10562,3,1,8,2007
Gilbert,183500,8244,3,2,7,2004
NAmes,215000,31770,3,1,6,1960
StoneBr,239000,5306,2,2,7,1987
NAmes,163000,10197,3,1,6,1961
Timber,184000,12416,3,2,6,1986
Edwards,243000,12615,4,2,6,1950
ClearCr,211000,10029,4,2,6,1988
StoneBr,501837,17423,1,2,9,2008
OldTown,100000,8520,2,1,5,1923
Crawfor,200100,7588,4,1,7,1920
OldTown,200000,11426,3,2,7,2003
BrkSide,127000,7438,3,1,5,1908
OldTown,475000,22950,4,2,10,1892
OldTown,135000,10410,3,2,5,1916
SawyerW,153337,7018,2,0,5,1979
StoneBr,286000,4923,0,1,8,2001
Crawfor,315000,10570,3,2,8,1932
CollgCr,192000,9017,3,2,7,1999
Edwards,130000,2522,3,2,7,2004
CollgCr,127000,7180,3,1,5,1972
NPkVill,148500,2280,3,2,6,1976
Somerst,311872,9416,3,2,7,2007
NAmes,235000,25419,4,2,8,1918
NridgHt,274900,9591,3,2,8,2004
Edwards,140000,8546,2,2,4,2003
Mitchel,171500,10125,3,2,6,1977
OldTown,112000,7000,2,2,6,1924
OldTown,110000,3500,2,1,5,1947
Gilbert,180500,11851,3,2,7,1990
Sawyer,143900,13673,3,1,5,1962
NAmes,145000,8250,3,1,6,1964
Edwards,186000,10420,3,2,6,2009
Somerst,252678,8640,3,2,7,2009
CollgCr,156000,13568,3,1,5,1995
NAmes,134450,10011,2,1,5,1957
CollgCr,210000,8450,3,2,7,2004
OldTown,107000,9906,3,1,4,1925
Blmngtn,167240,3010,2,2,7,2005
CollgCr,204900,8990,2,2,7,2006
NWAmes,179900,11475,3,2,6,1975
NAmes,97000,10500,2,1,4,1971
NridgHt,386250,13472,3,2,10,2003
BrDale,112000,1680,3,2,5,1971
NoRidge,290000,9950,4,2,7,1995
BrDale,106000,1869,2,1,6,1970
Sawyer,125000,8521,3,1,5,1967
Blmngtn,192500,3182,2,2,7,2005
NAmes,148000,8760,3,1,6,1959
NoRidge,403000,15138,4,2,8,1995
BrDale,94500,1680,2,1,6,1972
CollgCr,128200,10650,3,1,5,1976
BrDale,89500,1680,2,1,6,1971
CollgCr,185500,8773,3,2,7,2004
NridgHt,318000,12030,3,2,8,2007
Edwards,113000,8741,3,1,6,1945
Somerst,262500,9000,3,2,8,2008
OldTown,79000,5000,3,1,5,1900
SawyerW,120000,10762,3,1,6,1980
NWAmes,241500,10400,3,2,7,1988
OldTown,137000,9142,4,2,6,1910
NAmes,140000,11310,2,1,6,1954
CollgCr,180000,11317,3,2,7,2003
Crawfor,235000,4750,2,2,8,2006
SawyerW,173000,8366,3,2,6,2004
NAmes,158000,9350,3,2,6,1964
NAmes,145000,8400,3,1,5,1957
Gilbert,230000,8738,4,2,7,1999
Somerst,207500,8791,3,2,6,2003
CollgCr,220000,8814,3,2,7,2006
CollgCr,231500,12435,3,2,7,2001
NAmes,176000,19296,3,1,6,1962
CollgCr,276000,9588,3,2,8,2007
Sawyer,151000,8471,3,1,6,1977
OldTown,130000,5500,3,1,5,1929
OldTown,73000,5232,2,1,5,1925
NWAmes,175500,12090,3,2,6,1981
Gilbert,185000,11207,3,2,6,1997
SWISU,179500,8400,4,2,5,1939
IDOTRR,120500,6900,2,1,5,1940
Somerst,266000,10728,3,2,8,2006
ClearCr,241500,39104,2,1,7,1954
NoRidge,290000,11764,4,2,8,1999
NAmes,139000,9600,3,2,6,1958
Mitchel,124500,8314,2,1,5,1982
BrkSide,205000,7264,3,2,7,1925
Mitchel,201000,9196,3,2,7,2003
Gilbert,141000,19138,2,1,4,1951
NridgHt,415298,14450,3,2,9,2006
ClearCr,192000,10005,4,2,7,1977
SawyerW,228500,11287,3,2,7,1989
Somerst,185000,7200,2,2,6,2006
NridgHt,207500,5063,2,2,7,2007
Somerst,244600,9612,3,2,8,2008
SawyerW,179200,8012,2,2,6,1992
Somerst,164700,4251,2,2,7,2006
NAmes,159000,9786,3,1,6,1962
BrkSide,153575,8730,3,1,6,1915
CollgCr,233230,15611,3,2,8,2006
Edwards,131000,11409,3,1,5,1949
NAmes,167000,9600,3,1,6,1953
Mitchel,142500,7937,3,1,6,1984
IDOTRR,152000,13710,4,1,5,1950
Somerst,239000,7399,3,2,7,1997
NWAmes,175000,11700,3,1,6,1968
Crawfor,158500,14000,3,1,6,1950
Crawfor,157000,15750,2,1,5,1953
CollgCr,267000,16226,4,2,8,1998
CollgCr,205000,13704,3,2,7,2001
CollgCr,149900,9800,3,1,5,1972
OldTown,295000,18386,3,3,7,1880
CollgCr,305900,10386,3,2,8,2004
SawyerW,225000,13474,4,2,7,1990
NridgHt,360000,12378,3,2,9,2003
NAmes,132000,8000,2,1,6,1948
OldTown,119900,7800,3,1,5,1939
Timber,375000,215245,3,2,7,1965
OldTown,178000,9600,3,1,7,1925
Gilbert,188500,7795,3,2,7,2004
NWAmes,260000,13005,4,2,7,1980
Somerst,270000,9000,3,2,8,2006
NoRidge,260000,9900,4,2,7,1993
NridgHt,342643,16259,4,3,9,2006
NridgHt,354000,12099,4,2,8,2004
SawyerW,301000,10380,4,2,7,1986
OldTown,126175,5820,3,1,3,1955
NAmes,242000,11275,5,2,7,1967
IDOTRR,87000,5000,2,1,5,1941
Veenker,324000,10846,1,1,8,1993
NAmes,145250,11600,3,1,6,1960
IDOTRR,78000,6402,3,1,5,1920
NAmes,139000,8176,3,1,5,1958
NridgHt,207000,8198,2,2,7,2004
Gilbert,192000,9042,3,2,6,1998
StoneBr,377426,14157,3,2,9,2005
CollgCr,214000,9135,3,2,7,2002
NWAmes,202500,14145,3,2,7,1984
NAmes,155000,12400,3,1,6,1958
Timber,202900,14191,4,2,8,2002
SawyerW,82000,8400,2,1,4,1950
NridgHt,266000,8849,2,2,9,2005
MeadowV,85000,2592,3,1,5,1976
BrkSide,140200,6435,3,1,6,1939
NridgHt,154000,2448,2,2,7,2003
NridgHt,437154,20431,4,2,9,2005
NridgHt,318061,7820,2,2,9,2007
Edwards,95000,9084,3,1,5,1941
OldTown,105900,8520,2,1,6,1928
SWISU,140000,8400,2,1,6,1940
CollgCr,177500,11249,3,2,6,1995
MeadowV,134000,4224,3,1,5,1976
ClearCr,130000,6930,3,1,5,1958
NoRidge,280000,12011,3,2,8,1998
BrDale,118000,1680,2,1,6,1972
IDOTRR,147000,10690,3,1,5,1920
NAmes,165000,9150,3,1,6,1962
NAmes,132000,7800,2,1,5,1954
SawyerW,125000,7175,2,1,6,1984
NAmes,123000,10634,3,1,5,1953
CollgCr,219500,8200,4,2,7,2003
CollgCr,148000,8846,2,1,5,1996
Somerst,340000,11143,4,3,8,2004
StoneBr,394432,11394,1,1,9,2010
Gilbert,179000,8123,3,2,6,2000
SWISU,127000,5000,3,2,5,1924
Somerst,187750,7200,2,2,7,2006
CollgCr,213500,9245,3,2,7,2006
SawyerW,76000,9000,2,1,6,1928
Blmngtn,192000,3182,2,2,8,2004
Edwards,125000,7200,3,1,6,1976
CollgCr,191000,9382,3,2,7,1999
NridgHt,426000,12474,3,2,10,2007
Edwards,119000,8405,4,1,5,1900
Mitchel,215000,12209,3,2,6,2001
OldTown,109000,10134,2,1,5,1940
Edwards,129000,9571,3,1,5,1956
CollgCr,123000,7200,2,1,5,1972
NAmes,169500,7590,4,2,5,1962
IDOTRR,67000,8967,2,1,5,1920
Somerst,241000,8125,2,2,7,2006
Veenker,245500,14963,1,1,8,1996
CollgCr,164990,8767,3,2,7,2005
Sawyer,108000,10200,2,1,5,1940
NoRidge,258000,12090,4,2,8,1998
SWISU,115000,10480,3,1,6,1936
Crawfor,177000,15576,4,2,6,1915
NridgHt,280000,14154,3,2,7,2006
Somerst,339750,10800,3,2,8,2007
Edwards,60000,9571,3,1,5,1958
Gilbert,145000,34650,3,1,5,1955
OldTown,115000,8960,2,1,5,1927
SawyerW,228000,11228,3,2,7,1993
Gilbert,181134,8899,3,2,7,2007
Sawyer,149500,7844,3,1,6,1978
Crawfor,239000,22420,4,2,6,1918
Edwards,126000,8160,3,1,5,1940
NAmes,142000,8450,3,1,5,1968
Mitchel,206300,7060,2,2,7,1997
Mitchel,113000,21750,2,1,5,1954
NoRidge,315000,9200,4,2,8,1998
NAmes,139000,9000,2,1,6,1956
OldTown,135000,3378,3,1,7,1946
NAmes,109008,8593,3,1,4,1957
CollgCr,195400,6762,2,2,7,2007
Timber,175000,11457,3,2,6,1988
BrDale,85400,1680,2,1,6,1971
BrDale,122500,1920,2,1,5,1971
Gilbert,181000,10839,3,2,6,1997
CollgCr,212000,10667,3,2,7,1996
OldTown,116000,4400,2,1,6,1920
BrkSide,119000,6000,2,1,6,1926
Crawfor,90350,4280,2,1,5,1913
Edwards,110000,12354,3,1,6,1920
NridgHt,555000,15431,2,2,10,2008
BrkSide,162900,6240,3,2,5,1930
Blmngtn,172500,3922,2,2,7,2006
CollgCr,210000,8750,4,2,7,1994
Edwards,127500,9855,3,1,6,1956
NAmes,190000,16492,2,2,6,1966
IDOTRR,119500,8600,3,2,6,1937
OldTown,120000,6000,2,1,3,1948
OldTown,110000,5684,2,1,6,1930
ClearCr,280000,70761,2,2,7,1975
Somerst,210000,9000,3,2,8,2008
Mitchel,188000,9297,4,2,5,1976
NWAmes,175500,9600,3,1,7,1973
OldTown,98000,4571,4,1,5,1916
Somerst,263435,8004,3,2,8,2009
SWISU,155000,7200,3,1,7,1936
Sawyer,62383,8281,3,1,5,1965
Crawfor,188700,11988,3,1,6,1934
NAmes,167000,10628,2,1,7,1970
NAmes,146500,9480,3,1,5,1942
NridgHt,250000,11428,3,2,8,2006
SawyerW,187000,9291,3,2,6,1993
NWAmes,190000,11952,3,2,7,1977
Edwards,148000,3675,2,1,6,2005
NridgHt,440000,14977,2,2,8,2006
StoneBr,251000,5330,2,2,8,2000
Sawyer,132500,8480,2,1,5,1963
CollgCr,208900,13125,3,2,6,1997
NridgHt,380000,13693,3,2,9,2006
CollgCr,297000,10637,3,2,8,2007
OldTown,89471,5925,2,1,4,1937
NridgHt,326000,16033,3,2,9,2004
NridgHt,374000,11846,2,2,9,2003
OldTown,155000,2500,4,1,7,1915
Mitchel,164000,4500,2,2,6,1998
NAmes,147000,9600,3,1,5,1950
NAmes,156000,10289,3,1,5,1965
NWAmes,175000,12243,3,2,5,1971
OldTown,160000,10800,3,2,5,1900
MeadowV,86000,1526,1,1,4,1970
NAmes,133000,9490,3,1,6,1941
Gilbert,172785,15578,3,2,6,2006
NAmes,155000,7931,3,1,5,1960
OldTown,91300,5784,2,1,5,1938
BrkSide,184000,9120,4,2,7,1925
Sawyer,130000,7800,3,1,5,1967
NAmes,120000,7535,2,1,5,1958
BrDale,113000,1890,3,1,6,1973
Somerst,226700,9803,3,2,7,2005
Edwards,140000,9170,2,1,5,1965
Crawfor,289000,15602,1,2,7,1959
NPkVill,147000,2308,3,2,6,1974
OldTown,124500,7596,4,2,5,1952
SawyerW,215000,9554,3,2,8,1993
Somerst,208300,7862,2,2,6,2009
OldTown,161000,9600,3,2,7,1928
NAmes,124500,9600,3,1,5,1959
NAmes,164900,14559,2,1,5,1951
NridgHt,202665,6792,2,2,7,2005
NAmes,129900,9100,3,1,5,1958
Mitchel,134000,9187,3,1,6,1983
Crawfor,96500,10594,2,1,5,1926
NridgHt,402861,12220,3,2,10,2009
NoRidge,265000,10208,3,2,7,1996
Crawfor,234000,10918,3,1,7,1926
NAmes,150000,11988,3,1,6,1957
BrkSide,159000,5000,3,2,6,1947
Edwards,184750,40094,3,3,10,2007
NoRidge,315750,11787,3,2,7,1996
Somerst,176000,7500,3,2,7,2005
NAmes,132000,13300,2,1,5,1956
NridgHt,446261,14948,3,2,9,2008
Timber,175000,10200,3,2,6,1988
BrkSide,128000,6155,3,2,6,1920
Gilbert,178000,9056,3,2,8,2004
CollgCr,188000,8924,3,2,7,1998
Timber,315000,14601,2,2,9,2006
NWAmes,213250,10140,3,2,7,1998
NAmes,133000,4058,1,1,7,1998
Gilbert,179665,17104,3,2,7,2006
BrkSide,210000,8737,3,1,6,1923
Mitchel,129500,7244,2,1,5,1970
OldTown,125000,8235,2,1,5,1955
Somerst,263000,9375,4,2,7,2003
NPkVill,140000,4043,2,2,6,1977
OldTown,112500,6000,3,1,5,1957
NridgHt,255500,11146,3,2,8,2006
NridgHt,284000,10625,3,2,7,2003
BrkSide,113000,6380,2,1,5,1922
NAmes,141000,14850,2,1,5,1957
IDOTRR,108000,11040,3,1,4,1920
Gilbert,175000,21872,3,2,7,1996
Mitchel,170000,10010,2,1,5,1974
Edwards,185000,21780,4,2,6,1918
SWISU,128000,6858,4,1,6,1915
StoneBr,325000,11198,4,2,9,2005
NridgHt,214000,10171,3,2,7,2004
SawyerW,316600,12327,1,1,8,1983
NAmes,142600,13101,6,2,5,1965
NAmes,120000,7332,2,1,6,1959
Timber,224500,13159,3,2,7,2009
Gilbert,170000,9967,3,2,7,2000
NAmes,139000,10500,3,1,5,1971
NAmes,118500,8480,2,1,5,1947
SWISU,145000,6292,3,2,7,1928
Sawyer,164500,11777,3,1,5,1966
Somerst,146000,3604,2,2,7,2007
OldTown,131500,12150,4,2,5,1954
NridgHt,253293,12704,3,2,8,2008
OldTown,325000,13500,3,3,10,1893
BrkSide,133000,6120,3,1,4,1935
Timber,369900,11443,2,2,8,2005
BrkSide,130000,10267,2,1,6,1918
Sawyer,137000,8740,2,1,5,1982
ClearCr,143000,25095,1,1,5,1968
BrkSide,79500,9100,2,1,5,1930
CollgCr,185900,8320,3,2,7,2004
NridgHt,451950,13478,3,2,10,2008
Mitchel,138000,6600,2,1,5,1982
CollgCr,110000,7990,3,1,5,1975
StoneBr,319000,11302,3,2,8,2005
OldTown,114504,3600,3,1,6,1910
Blmngtn,194201,3922,2,0,7,2006
Crawfor,217500,12984,3,2,5,1977
Blueste,151000,1950,3,2,6,1980
NridgHt,275000,10927,3,2,8,2005
IDOTRR,141000,9000,3,1,6,1937
SawyerW,220000,10041,3,2,8,1992
Somerst,151000,3182,2,2,7,2004
CollgCr,221000,12803,3,2,7,2002
NAmes,205000,13600,3,2,7,1965
CollgCr,152000,12464,3,1,5,1996
Edwards,225000,7800,3,3,5,1948
Crawfor,359100,12168,4,2,8,1934
Sawyer,118500,7943,3,1,4,1961
NAmes,137500,8800,3,1,6,1963
NAmes,105500,7227,2,1,6,1954
NridgHt,314813,11694,3,2,9,2007
Timber,305000,12244,4,2,8,2003
NWAmes,240000,10800,4,2,6,1974
Sawyer,135000,7064,3,1,5,1977
NWAmes,165150,10400,4,1,6,1972
NAmes,160000,10000,3,1,6,1962
NAmes,153000,9600,3,1,6,1955
NAmes,135000,11606,5,1,5,1969
NAmes,168500,9020,3,1,6,1964
OldTown,124000,9000,3,1,5,1880
NridgHt,209500,4590,2,2,8,2006
NWAmes,82500,11900,3,2,7,1977
NAmes,139400,9250,3,1,5,1954
OldTown,144000,6979,0,0,6,1980
OldTown,93000,6000,3,2,5,1954
Blmngtn,264561,3982,1,2,8,2006
NridgHt,274000,12677,1,1,8,2003
NAmes,345000,13860,4,2,8,1972
NWAmes,152000,10793,4,2,5,1969
Somerst,370878,9187,2,2,9,2009
Edwards,155000,10452,3,1,6,1953
NAmes,155000,7700,4,1,6,1966
Edwards,108000,9084,4,1,4,1940
CollgCr,191000,8750,2,2,7,1996
IDOTRR,135000,10320,3,1,6,1906
NoRidge,350000,10437,2,2,8,1995
BrDale,88000,1680,3,1,6,1971
NAmes,145500,10007,3,1,5,1959
Crawfor,149000,7200,3,1,7,1931
NAmes,97500,17503,3,1,6,1948
Edwards,167000,9937,3,1,5,1964
NoRidge,402000,46589,4,2,8,1994
NAmes,110000,13560,2,1,6,1968
Edwards,137500,10012,3,2,4,1972
Somerst,423000,20896,1,1,8,2005
Gilbert,230500,11194,3,2,8,2000
SawyerW,193500,8125,3,2,6,1994
Crawfor,137500,11600,2,1,4,1922
CollgCr,173500,8633,3,2,6,2005
Edwards,103600,6629,3,2,6,1925
Crawfor,257500,14442,3,2,6,1957
NAmes,140000,9200,3,1,6,1965
NPkVill,148500,2289,3,2,6,1978
OldTown,87000,9600,4,2,4,1900
OldTown,109500,9022,2,1,5,1924
StoneBr,372500,11844,3,2,8,2008
SawyerW,143000,8012,2,2,6,1980
SWISU,159434,4500,3,1,5,1932
CollgCr,285000,11248,3,2,9,2002
NoRidge,221000,16770,4,2,7,1998
Somerst,227875,10207,3,3,7,2007
StoneBr,392000,8089,2,2,8,2007
NridgHt,194700,7577,2,2,6,2005
NoRidge,755000,21535,4,3,10,1994
Timber,335000,26178,4,2,7,1989
OldTown,108480,5400,2,1,5,1921
BrkSide,141500,6120,3,1,5,1936
Timber,176000,13811,2,2,6,1987
BrkSide,89000,6000,2,1,5,1921
Edwards,123500,6420,2,1,5,1952
Sawyer,138500,8450,3,1,5,1965
Somerst,196000,4282,2,2,7,2004
Timber,312500,14331,3,2,8,2002
NWAmes,140000,9600,3,1,7,1969
StoneBr,361919,12438,4,2,8,2006
OldTown,140000,7630,4,2,5,1900
CollgCr,213000,8400,3,2,7,2004
NridgHt,254000,6240,2,2,8,2006
Gilbert,179540,9018,3,2,7,2007
IDOTRR,102776,8712,2,1,4,1900
StoneBr,189000,4671,2,2,8,1988
BrkSide,129000,9873,3,1,4,1970
NWAmes,165000,10140,3,2,6,1974
OldTown,159500,10800,3,1,7,1890
NWAmes,157000,10000,3,1,5,1973
NoRidge,341000,10542,3,2,7,1993
CollgCr,128500,9920,3,1,5,1969
NAmes,124500,8120,3,1,4,1970
Edwards,135000,8172,4,2,4,1954
Edwards,320000,13286,3,2,9,2007
NAmes,120500,6960,3,1,4,1970
CollgCr,194500,7314,2,2,7,2007
NAmes,110000,11475,4,2,5,1958
IDOTRR,103000,6240,2,1,4,1925
StoneBr,236500,5389,2,2,8,1995
Timber,187500,9590,3,2,7,2003
CollgCr,222500,11404,3,2,7,1998
Sawyer,131400,10000,3,1,5,1961
OldTown,163000,10800,2,1,7,1914
Gilbert,239900,10463,3,2,8,2005
CollgCr,190000,9313,3,2,7,2004
OldTown,132000,9600,2,2,5,1910
Sawyer,142000,6768,3,1,6,1961
SawyerW,179000,8450,3,2,7,2000
Sawyer,175000,12886,3,2,5,1963
StoneBr,180000,5395,2,2,8,1993
OldTown,265979,11700,4,1,7,1880
NoRidge,260400,10593,3,2,7,1996
CollgCr,217000,9236,3,2,6,1997
NridgHt,275500,10240,3,2,8,2005
NAmes,156000,7930,3,1,6,1969
Somerst,172500,3230,3,2,6,1999
CollgCr,212000,10769,3,2,8,2007
Somerst,179400,2280,3,2,7,1999
NoRidge,290000,12257,4,2,8,1995
NAmes,127500,9100,2,1,6,1959
BrkSide,100000,6911,2,1,5,1924
Somerst,215200,8640,3,2,7,2009
NoRidge,337000,9430,3,2,8,1999
Veenker,270000,9549,2,1,8,1995
Somerst,264132,14587,2,2,9,2008
NWAmes,196500,10421,3,2,7,1988
Mitchel,160000,12508,4,2,6,1940
CollgCr,216837,9100,3,2,7,2004
StoneBr,538000,53504,4,3,8,2003
Edwards,102000,8877,2,1,4,1951
Edwards,107000,7819,3,1,6,1976
NAmes,114500,10150,2,1,5,1958
NridgHt,395000,14226,3,2,8,2006
Mitchel,162000,4500,2,2,6,1998
CollgCr,221500,11210,3,2,7,2005
Sawyer,142500,13350,3,1,5,1974
Mitchel,135000,10530,2,1,6,1977
Gilbert,176000,7875,3,2,7,1995
SawyerW,175900,7153,3,2,6,1992
CollgCr,187100,16285,3,2,7,2001
OldTown,139000,10800,4,2,5,1915
SawyerW,233000,10142,4,2,7,2004
OldTown,107900,6000,2,1,4,1954
Blmngtn,160200,3182,2,2,7,2005
NoRidge,269790,9920,3,2,7,1996
Somerst,225000,9158,3,2,8,2007
SawyerW,171000,8400,3,2,6,1980
Sawyer,143500,8197,3,1,6,1977
NAmes,110000,7677,2,1,5,1953
NridgHt,485000,13518,4,3,9,2008
SWISU,175000,7200,3,1,5,1937
ClearCr,200000,12798,4,2,6,1997
IDOTRR,109900,4800,2,1,4,1916
CollgCr,189000,8199,3,2,7,2005
NridgHt,582933,13891,4,3,9,2008
NAmes,118000,9000,2,1,5,1954
Somerst,227680,12274,3,2,7,2008
NAmes,135500,9750,3,2,5,1967
BrkSide,223500,21384,3,1,5,1923
NAmes,159950,13400,3,1,5,1966
OldTown,106000,8100,2,2,5,1898
NWAmes,181000,10140,3,1,6,1974
IDOTRR,55993,8712,2,1,5,1952
NAmes,157900,9750,4,1,6,1958
Edwards,116000,8248,3,1,5,1918
CollgCr,224900,12137,3,2,7,1998
ClearCr,155000,8816,3,1,6,1971
NridgHt,224000,6371,2,2,7,2009
CollgCr,183000,7226,3,2,7,2003
OldTown,93000,6000,2,1,4,1953
SWISU,139500,9900,3,2,6,1940
Somerst,232600,11216,3,2,8,2006
NridgHt,385000,14803,2,2,10,2007
SawyerW,189000,8529,3,2,7,2001
Somerst,147400,2544,2,2,7,2005
NAmes,166000,11900,3,1,6,1957
Somerst,151000,3180,2,2,7,2005
CollgCr,237000,9548,3,2,7,2003
NAmes,167000,10004,3,1,6,1964
NAmes,139950,7875,3,1,5,1961
Sawyer,128000,9600,2,2,4,1950
OldTown,153500,8100,2,1,5,1948
BrDale,100000,1680,2,1,6,1973
CollgCr,144000,9525,3,1,5,1995
Edwards,130500,11767,3,1,5,1946
OldTown,157500,10440,3,2,5,1904
NAmes,174900,9020,3,1,6,1966
OldTown,153900,12665,4,1,5,1915
SawyerW,213000,9317,3,2,7,1993
CollgCr,133500,15523,3,1,5,1972
ClearCr,240000,45600,5,3,6,1908
Veenker,187000,9600,3,2,6,1976
CollgCr,131500,4435,1,1,6,2003
Crawfor,164000,7128,4,2,7,1941
Sawyer,170000,17920,3,1,5,1955
Gilbert,174000,8125,3,2,6,1994
NWAmes,152000,10400,3,2,7,1976
Crawfor,189950,7642,3,1,7,1918
Sawyer,131500,11625,3,1,5,1965
SawyerW,152000,9672,3,2,6,1984
NAmes,132500,7931,3,1,5,1959
Somerst,250580,8640,3,2,7,2007
Timber,248900,10656,3,2,8,2006
Sawyer,129000,6970,3,1,4,1961
SawyerW,236000,9938,3,2,7,1993
NAmes,109500,6600,2,1,5,1962
CollgCr,200500,8750,3,2,6,1998
NAmes,116000,8892,3,1,5,1953
NAmes,133000,12144,3,1,5,1949
OldTown,66500,5720,3,1,5,1941
Somerst,303477,9000,4,2,8,2007
Mitchel,132250,25286,3,1,4,1963
NridgHt,350000,8834,4,2,9,2004
Sawyer,148000,11782,3,1,5,1961
Edwards,157000,7024,2,1,5,2005
Timber,187500,13758,3,2,7,1990
SWISU,118500,6204,5,1,4,1912
NAmes,100000,7150,3,1,5,1967
Somerst,328900,5119,2,2,9,1999
NAmes,145000,8393,4,2,5,1959
Edwards,135500,16466,3,1,5,1955
NAmes,268000,15865,4,2,8,1970
NAmes,149500,12160,2,1,6,1953
NAmes,122900,8064,3,1,5,1949
Sawyer,172500,11184,3,2,6,1978
Sawyer,154500,8414,3,1,6,1963
NAmes,140000,7056,4,1,6,1963
IDOTRR,106500,8765,2,1,4,1936
NridgHt,611657,12919,2,2,9,2009
Sawyer,135000,6993,3,1,5,1961
NAmes,153000,8712,2,1,5,1957
Gilbert,180000,7875,3,2,7,2003
Gilbert,240000,14859,3,2,7,2006
NAmes,128000,9920,3,1,5,1954
Somerst,255000,13501,3,2,8,2006
Crawfor,250000,11500,3,1,7,1936
Gilbert,174000,12589,3,2,6,2005
NAmes,154300,11600,5,2,5,1960
BrkSide,88000,6120,3,1,5,1925
Crawfor,145000,6270,4,2,5,1949
Somerst,173733,3000,2,2,6,2009
MeadowV,75000,2001,3,1,4,1970
IDOTRR,35311,9000,1,0,2,1949
SawyerW,238000,13125,4,2,7,1991
NAmes,176500,11029,3,1,6,1958
SawyerW,201000,8462,3,2,6,1994
Gilbert,169990,10237,3,2,6,2005
SawyerW,193000,8012,2,2,6,1993
NWAmes,207500,10240,3,2,6,1980
NridgHt,285000,11999,4,2,8,2003
Timber,201000,8925,3,2,8,2007
NAmes,117500,9100,2,1,5,1965
Somerst,320000,11670,3,2,9,2006
CollgCr,190000,8487,3,2,7,2004
NAmes,242000,27650,4,2,7,1960
BrkSide,79900,5825,1,1,4,1926
Somerst,253000,9675,3,2,7,2005
CollgCr,239799,8760,3,2,7,2006
Mitchel,150900,12640,4,2,6,1976
Mitchel,143000,25000,4,2,5,1967
OldTown,124900,8820,2,1,5,1890
NAmes,143000,8163,3,1,5,1959
Timber,270000,14536,3,2,8,2002
NWAmes,197500,9360,3,1,6,1972
NAmes,129000,7200,3,1,5,1950
SawyerW,119900,7800,3,1,5,1965
CollgCr,133900,7200,2,1,5,1972
Crawfor,145000,7136,4,2,6,1946
Blueste,124000,1300,2,1,6,1980
Sawyer,132000,7420,3,1,5,1962
CollgCr,185000,8450,3,2,7,2003
Somerst,155000,2572,3,2,7,1999
NPkVill,155000,2308,3,2,6,1976
CollgCr,239000,11923,2,2,9,2007
Timber,214900,11316,4,2,7,2002
Gilbert,178900,10237,3,2,6,2005
Crawfor,160000,9600,2,1,5,1940
NAmes,140000,10382,2,1,6,1958
NridgHt,173000,2268,2,2,7,2003
SawyerW,99500,7892,2,2,6,1979
BrkSide,167500,11414,3,1,7,1910
Edwards,110000,9450,3,1,4,1954
Sawyer,139000,8816,3,1,5,1963
NoRidge,336000,12203,4,2,8,1998
Blmngtn,159895,3182,2,2,7,2007
Edwards,125000,10880,3,1,5,1950
OldTown,117000,5310,2,1,6,1910
NridgHt,395192,10159,3,2,9,2009
Somerst,197000,8125,3,2,7,2006
NoRidge,348000,9452,3,2,8,1997
OldTown,168000,17671,4,1,8,1882
NAmes,187000,9760,3,2,6,1964
CollgCr,173900,8846,3,2,6,2005
NridgHt,337500,12456,3,2,10,2006
BrkSide,121600,4712,3,1,4,1946
IDOTRR,91000,9786,3,1,3,1922
CollgCr,206000,6762,2,2,7,2006
OldTown,86000,5400,2,1,5,1920
Somerst,232000,11957,3,2,8,2006
Blmngtn,181000,3182,1,2,7,2005
CollgCr,149900,8385,3,2,5,1977
MeadowV,88000,2217,3,1,4,1970
Mitchel,240000,12118,3,2,7,2004
Sawyer,135000,21286,4,2,5,1948
Crawfor,165000,10592,3,1,6,1923
OldTown,85000,7200,2,1,5,1910
NAmes,119200,11664,2,1,6,1948
NWAmes,227000,8400,3,2,8,2001
CollgCr,203000,11883,3,2,7,1996
Blmngtn,213490,3013,2,2,7,2005
Edwards,176000,7024,2,1,4,2005
CollgCr,194000,7406,2,2,7,2006
OldTown,87000,9439,2,1,5,1930
Blmngtn,191000,3182,2,2,7,2005
CollgCr,112500,7700,3,1,5,1972
NAmes,167500,9300,3,1,5,1960
Timber,293077,9520,3,2,8,2007
NAmes,105000,9492,3,1,5,1941
BrDale,118000,1680,3,1,6,1972
SWISU,197000,15863,5,2,7,1920
Crawfor,119750,6305,2,1,5,1938
Timber,315500,12898,2,2,9,2007
MeadowV,80000,1477,1,1,4,1970
Sawyer,155000,13125,3,2,5,1957
NridgHt,196000,5381,1,2,6,2005
SawyerW,262280,11839,4,2,7,1990
NWAmes,278000,9600,4,2,8,1981
StoneBr,556581,16056,4,3,9,2005
CollgCr,145000,9245,3,1,5,1994
Gilbert,176485,8993,3,2,7,2007
CollgCr,200141,11175,3,2,7,2007
NAmes,165000,9500,4,1,6,1964
Edwards,144500,8562,4,1,5,1957
CollgCr,255000,11367,3,2,8,2002
NWAmes,180000,11361,3,2,6,1976
NridgHt,185850,7052,2,2,7,2005
NridgHt,335000,11308,3,2,9,2008
StoneBr,213500,4920,2,2,8,2001
IDOTRR,81000,18000,2,1,3,1935
OldTown,90000,13600,5,2,5,1900
OldTown,110500,6000,2,1,6,1925
ClearCr,328000,14000,3,2,7,1996
Gilbert,178000,7837,3,2,6,1993
NAmes,167900,9760,4,1,6,1964
MeadowV,151400,3964,5,2,6,1973
NAmes,135000,9600,2,1,5,1949
NAmes,135000,10152,3,1,5,1956
NWAmes,154000,11700,4,1,6,1968
Edwards,91500,7585,4,1,5,1948
Edwards,159500,7950,3,1,6,1977
CollgCr,194000,8556,2,2,7,2006
Crawfor,219500,13125,3,1,7,1940
OldTown,170000,10800,3,2,5,1936
CollgCr,155900,4435,1,1,6,2004
CollgCr,126000,8775,3,1,5,1994
NWAmes,145000,11040,3,2,6,1971
Sawyer,133000,7500,3,1,5,1963
CollgCr,192000,8749,3,2,7,2002
NAmes,160000,8800,3,1,6,1964
SawyerW,147000,9069,2,1,6,1992
Somerst,252000,10574,3,2,8,2005
Edwards,137500,2522,3,2,7,2004
Somerst,197000,3316,1,1,8,2005
Somerst,160000,2160,2,2,7,1999
SWISU,136500,8400,4,2,6,1925
NAmes,146000,9230,1,1,5,1965
NAmes,129000,5868,2,1,5,1956
CollgCr,176432,9317,3,2,6,2006
BrkSide,128000,6000,3,1,4,1936
NWAmes,157000,11880,3,2,7,1978
SWISU,60000,8400,1,1,2,1920
NAmes,119500,9758,3,1,5,1971
NAmes,135000,7000,2,1,5,1960
NAmes,159500,8910,3,1,6,1959
BrDale,106000,2016,3,2,5,1970
NoRidge,325000,12256,3,2,8,1994
SawyerW,179900,10357,3,2,7,1990
Gilbert,274725,23257,3,2,7,2006
NridgHt,280000,11362,3,2,8,2004
NWAmes,205000,10480,4,2,7,1976
NAmes,129900,7100,2,1,5,1957
NAmes,134500,8923,2,1,5,1953
OldTown,117000,5400,2,1,5,1954
NridgHt,318000,12085,3,2,8,2007
Sawyer,130000,9764,3,1,5,1967
Sawyer,140000,13825,3,1,5,1958
NAmes,133700,7560,3,1,5,1959
IDOTRR,118400,8263,2,1,6,1920
CollgCr,212900,10084,3,2,7,2005
NAmes,115000,10434,2,1,4,1955
Blmngtn,174000,3684,2,2,7,2007
Gilbert,259000,14572,3,2,7,2004
Gilbert,215000,11796,4,2,7,2004
OldTown,140000,7200,2,1,5,1980
SWISU,135000,7804,4,2,4,1928
OldTown,117500,9900,5,2,6,1880
SawyerW,239500,9828,3,2,8,1995
Gilbert,169000,8773,3,2,6,1997
BrkSide,102000,6180,2,1,6,1926
NAmes,119000,9600,3,1,6,1950
BrkSide,144000,8731,3,1,5,1920
NAmes,139000,7350,2,1,5,1951
CollgCr,424870,9965,4,3,8,2006
Edwards,80000,12180,2,1,4,1941
BrkSide,149000,6240,3,1,5,1928
Crawfor,174500,12000,3,1,7,1941
OldTown,143000,9000,3,1,7,1920
NAmes,124000,8280,2,1,6,1950
Edwards,149900,17755,3,1,5,1959
Crawfor,230000,14115,2,1,6,1956
Veenker,218000,10768,3,2,5,1976
NAmes,179900,9350,3,2,5,1965
NridgHt,230000,5001,2,2,7,2007
Somerst,235128,11932,3,2,8,2007
NWAmes,185000,9120,4,2,6,1974
NPkVill,146000,2280,3,2,6,1978
Sawyer,129000,8724,3,1,5,1968
Sawyer,108959,12900,0,0,4,1969
NridgHt,233170,9541,3,2,7,2009
CollgCr,245350,10475,3,2,8,2008
Gilbert,173000,10852,3,2,6,2000
Edwards,235000,13728,4,2,6,1935
NoRidge,625000,35760,4,3,10,1995
Mitchel,171000,9880,3,1,6,1977
NAmes,163000,9120,3,1,6,1958
Somerst,171900,4017,2,2,7,2006
Crawfor,239000,16560,4,2,6,1932
NoRidge,285000,10678,4,2,8,1992
Mitchel,119500,6951,3,1,5,1984
Crawfor,154900,7681,3,1,5,1921
Crawfor,392500,5587,2,2,8,2008
NoRidge,745000,15623,4,3,10,1996
OldTown,120000,10800,2,1,5,1920
Timber,186700,35133,3,1,5,1963
Edwards,104900,9738,4,1,5,1924
OldTown,95000,10615,3,2,3,1900
NoRidge,262000,12461,2,2,8,1994
CollgCr,195000,8935,3,2,7,2002
Gilbert,189000,7500,3,2,7,1999
Somerst,174000,2645,2,2,8,1999
OldTown,125000,9600,3,1,5,1925
Sawyer,158000,9364,4,1,6,1969
Gilbert,176000,8029,3,2,6,2005
Gilbert,219210,14054,4,2,7,2006
OldTown,144000,8850,3,1,7,1916
CollgCr,178000,9100,3,2,7,2001
Sawyer,148000,11235,3,1,4,1963
NAmes,116050,9353,3,1,4,1970
CollgCr,197900,10400,3,2,7,1998
BrkSide,117000,6000,3,1,5,1925
CollgCr,213000,9750,3,2,7,2000
NWAmes,153500,10140,3,1,5,1975
SawyerW,271900,14684,3,2,7,1990
CollgCr,200000,9135,3,2,6,2003
NAmes,140000,7763,3,1,5,1962
Somerst,290000,10182,3,2,8,2006
SawyerW,189000,11218,3,2,6,1992
Gilbert,164000,12134,4,2,8,1988
Edwards,113000,9340,2,1,4,1941
NAmes,134500,10205,3,1,5,1962
Sawyer,125000,7094,3,1,5,1966
Somerst,229456,8640,3,2,8,2009
NAmes,115000,7800,2,1,5,1964
Sawyer,134000,8250,3,1,5,1968
NAmes,143000,10496,3,2,6,1949
NAmes,137900,10680,4,2,5,1951
Gilbert,184000,15384,3,2,7,2004
NAmes,145000,10482,3,1,6,1958
Somerst,214000,14598,4,2,6,2007
NAmes,147000,8872,2,1,5,1965
NridgHt,367294,8769,1,1,9,2008
NAmes,127000,7910,4,2,5,1960
NAmes,132500,7728,3,1,5,1962
Crawfor,138887,13132,4,1,5,1914
NridgHt,175500,2628,2,2,7,2003
CollgCr,195000,12393,4,2,7,2004
SawyerW,142500,13072,3,1,6,2005
Timber,265900,9037,2,2,8,2006
CollgCr,224900,8158,3,2,7,2003
Somerst,248328,9849,3,2,7,2007
NWAmes,170000,10625,3,2,7,1974
NWAmes,178000,12090,3,3,6,1984
Somerst,186500,8125,3,2,7,2005
OldTown,129500,9600,3,1,6,1917
NAmes,119000,7200,3,1,5,1950
NAmes,244000,11160,3,2,7,1968
Mitchel,130000,9858,3,1,5,1968
Edwards,165400,6931,3,2,7,2003
BrkSide,127500,6240,3,1,6,1931
NoRidge,301500,14303,2,2,8,1994
Gilbert,190000,9587,2,2,7,2005
NAmes,151000,9750,3,1,6,1969
NAmes,128900,9600,2,1,5,1956
BrkSide,180500,13515,3,1,6,1919
NAmes,181000,4060,2,2,6,1998
Somerst,183900,3735,3,2,7,1999
OldTown,122000,10120,4,1,7,1910
Timber,378500,13214,3,2,9,2008
NAmes,144000,11344,3,1,5,1958
Edwards,177000,11512,2,1,6,1959
Crawfor,139000,5362,3,2,5,1910
NAmes,137000,11345,4,2,5,1948
IDOTRR,68400,7500,2,1,4,1920
CollgCr,227000,9808,3,2,7,2002
Timber,180000,8049,2,2,7,1990
CollgCr,150500,8800,3,2,5,1977
SWISU,169000,9638,4,2,6,1919
BrkSide,132500,6000,4,1,6,1939
StoneBr,278000,5664,2,2,8,2000
NridgHt,281000,11065,3,2,8,2006
BrDale,119500,1680,3,2,5,1972
OldTown,107500,6600,4,2,5,1892
NWAmes,162900,10140,4,2,7,1976
Edwards,115000,8172,2,1,5,1955
NAmes,138500,8400,3,1,5,1968
NAmes,155000,8700,3,2,5,1963
Edwards,140000,3675,2,2,6,2005
Edwards,160000,63887,3,2,10,2008
NAmes,154000,7500,3,1,5,1959
NoRidge,290000,10120,4,2,8,1994
Somerst,232000,8688,3,2,7,2005
Edwards,130000,3363,3,2,7,2004
NridgHt,325000,13173,2,2,9,2006
NridgHt,202500,6955,2,2,7,2005
CollgCr,138000,8072,3,1,5,1994
OldTown,147000,12000,2,1,5,1948
Crawfor,335000,17500,3,2,7,1959
CollgCr,203000,8814,3,2,7,2005
NoRidge,333168,14774,4,2,9,1999
Edwards,119000,8190,3,1,4,1954
NAmes,206900,11075,4,2,6,1969
CollgCr,295493,10226,3,2,8,2008
Somerst,208900,4230,2,2,7,2006
Edwards,111000,10215,3,1,4,1954
NAmes,156500,8400,3,1,6,1957
NoRidge,190000,10186,3,2,7,1992
Somerst,147000,9986,2,2,8,2006
Mitchel,130500,6600,3,1,5,1982
OldTown,256000,10440,5,2,6,1920
Gilbert,176500,9084,3,2,7,1998
Somerst,227000,10000,3,2,8,2006
CollgCr,132500,10780,3,1,5,1976
Edwards,100000,8877,2,1,4,1938
IDOTRR,125500,7200,2,1,5,1938
BrDale,125000,2368,3,1,5,1970
NWAmes,167900,9650,2,2,6,1977
NWAmes,135000,9246,4,2,5,1973
CollgCr,200000,13450,3,2,7,2002
CollgCr,128500,9560,3,1,5,1972
NAmes,123000,8294,3,1,4,1971
SawyerW,155000,13695,3,1,6,2003
Crawfor,177000,7558,3,1,6,1928
CollgCr,155835,11103,3,2,7,2006
OldTown,108500,6000,2,1,4,1920
Timber,283463,15306,3,2,8,2006
NAmes,200000,11643,6,2,5,1969
NAmes,171000,9247,4,1,6,1962
BrkSide,134900,6000,2,1,6,1937
NoRidge,410000,14720,4,2,8,1995
NWAmes,170000,10192,4,3,7,1968
NridgHt,315000,16737,3,2,9,2004
SWISU,189000,9842,4,3,5,1921
StoneBr,260000,16158,3,2,7,2005
Gilbert,156932,8499,3,2,6,2006
Somerst,144152,3180,2,2,7,2005
CollgCr,193000,9179,3,2,7,1999
MeadowV,127000,2665,4,2,5,1977
CollgCr,232000,10635,3,2,8,2003
OldTown,105000,5400,2,1,4,1920
NAmes,165500,9600,3,1,6,1955
CollgCr,274300,9750,3,2,7,1998
Somerst,250000,10625,3,2,7,2005
Timber,239000,10991,3,2,8,2007
SWISU,91000,6292,2,1,6,1930
Edwards,117000,10998,3,2,5,1941
BrDale,83000,1953,2,1,6,1973
Edwards,58500,8212,2,1,3,1914
OldTown,157000,7200,4,1,7,1920
Edwards,105000,9060,2,1,6,1939
IDOTRR,125500,5436,3,1,4,1922
NWAmes,250000,16692,5,3,7,1978
OldTown,136000,8520,5,2,6,1916
Gilbert,377500,14892,3,2,9,2006
BrkSide,131000,6000,3,1,6,1941
CollgCr,235000,9100,3,2,7,2000
NAmes,124000,8944,4,2,5,1967
NAmes,123000,7838,3,1,5,1967
OldTown,163000,10800,3,2,6,1905
Blmngtn,246578,4045,2,2,7,2006
Timber,281213,12665,4,2,8,2005
BrkSide,137500,6120,4,1,5,1920
NAmes,138000,7200,3,1,5,1950
SWISU,137450,6171,3,2,6,1925
BrkSide,120000,6000,3,1,6,1929
Gilbert,193000,7415,3,2,6,2004
CollgCr,193879,6762,2,2,7,2006
Somerst,282922,15256,3,2,8,2007
OldTown,105000,10410,3,1,3,1915
Crawfor,275000,3842,2,2,8,2004
CollgCr,133000,8445,2,1,5,1972
OldTown,125500,7740,3,1,4,1910
NWAmes,215000,20544,3,2,7,1986
CollgCr,230000,12420,3,2,7,2001
NAmes,140000,9600,3,1,6,1950
SawyerW,257000,10994,2,2,8,2005
BrkSide,207000,13053,4,1,6,1923
Blmngtn,175900,3635,1,2,7,2007
OldTown,122500,11340,4,2,4,1885
NAmes,124000,9204,3,1,5,1963
NWAmes,179900,11700,3,2,6,1968
NPkVill,127500,4043,2,2,6,1977
CollgCr,136500,4435,1,1,6,2003
NAmes,142000,10721,3,1,6,1959
NoRidge,271000,10944,3,2,7,1994
NAmes,140000,10930,3,1,5,1945
OldTown,119000,7200,2,1,5,1940
Gilbert,192140,21930,4,2,5,2005
OldTown,64500,10800,4,2,4,1927
Gilbert,186500,10261,3,2,6,2000
Mitchel,160000,17400,3,2,5,1977
NAmes,174000,8400,3,1,6,1962
NAmes,120500,9000,3,1,4,1971
NridgHt,394617,12444,2,2,8,2008
OldTown,149700,7407,2,1,6,1957
NWAmes,197000,11584,3,2,7,1979
Crawfor,191000,11526,3,2,6,1922
Somerst,310000,11003,3,2,10,2008
CollgCr,179600,8500,3,2,7,2004
Sawyer,129000,8400,3,1,6,1966
CollgCr,240000,10000,3,2,8,1995
Edwards,112000,11767,2,1,4,1910
Somerst,287090,9262,3,2,8,2008
Edwards,145000,3675,2,1,5,2005
Somerst,185000,7500,2,2,7,2004
Gilbert,175000,7917,3,2,6,1999
NWAmes,210000,13175,3,2,6,1978
Crawfor,266500,9042,4,2,7,1941
NAmes,142125,9717,2,1,5,1950
Edwards,147500,9937,3,1,5,1965
