SalePrice,LotArea,BedroomAbvGr,FullBath,HalfBath,Neighborhood,HouseStyle,OverallQual,YearBuilt
208500,8450,3,2,1,CollgCr,2Story,7,2003
181500,9600,3,2,0,Veenker,1Story,6,1976
223500,11250,3,2,1,CollgCr,2Story,7,2001
140000,9550,3,1,0,Crawfor,2Story,7,1915
250000,14260,4,2,1,NoRidge,2Story,8,2000
143000,14115,1,1,1,Mitchel,1.5Fin,5,1993
307000,10084,3,2,0,Somerst,1Story,8,2004
129900,6120,2,2,0,OldTown,1.5Fin,7,1931
118000,7420,2,1,0,BrkSide,1.5Unf,5,1939
129500,11200,3,1,0,Sawyer,1Story,5,1965
345000,11924,4,3,0,NridgHt,2Story,9,2005
279500,10652,3,2,0,CollgCr,1Story,7,2006
132000,6120,2,1,0,BrkSide,1.5Unf,7,1929
159000,13695,3,1,1,SawyerW,1Story,5,2004
139000,7560,3,1,0,NAmes,1Story,5,1958
325300,14215,4,3,1,NridgHt,2Story,8,2005
139400,7449,3,1,0,IDOTRR,1.5Unf,7,1930
230000,9742,3,2,0,CollgCr,1Story,8,2002
129900,4224,3,1,0,MeadowV,1Story,5,1976
256300,14230,3,2,0,NridgHt,1Story,8,2007
134800,7200,3,1,0,NAmes,1Story,5,1951
306000,11478,3,2,0,NridgHt,1Story,8,2007
207500,16321,2,1,0,NAmes,1Story,5,1957
68500,6324,1,1,0,BrkSide,1Story,4,1927
40000,8500,3,1,0,IDOTRR,2Story,4,1920
179900,11049,3,2,0,CollgCr,1Story,8,2007
165500,10552,4,1,1,NAmes,1Story,5,1959
277500,7313,2,2,0,NridgHt,1Story,9,2005
309000,13418,4,3,1,NridgHt,2Story,8,2004
145000,10859,3,1,1,CollgCr,1Story,5,1994
153000,8532,3,1,0,NAmes,1Story,5,1954
109000,7922,3,1,0,NAmes,1Story,5,1953
160000,8658,3,2,0,NAmes,1Story,6,1965
170000,16905,2,1,1,Timber,1Story,5,1959
141000,7945,3,1,0,NAmes,1Story,5,1959
319900,7658,2,2,0,NridgHt,1Story,9,2005
239686,12822,1,1,1,Mitchel,1.5Fin,7,2003
249700,11096,3,2,0,Somerst,1Story,8,2006
127000,7742,3,1,0,Sawyer,1Story,5,1966
114500,6240,3,1,0,BrkSide,1.5Fin,6,1934
110000,8472,2,1,0,IDOTRR,1Story,5,1963
385000,50271,0,0,1,Veenker,1Story,9,1981
130000,7134,3,1,0,NAmes,SLvl,5,1955
180500,10175,3,2,0,NAmes,1Story,6,1964
172500,2645,3,2,1,Somerst,2Story,8,1999
196500,11645,3,2,1,CollgCr,2Story,7,2004
438780,13682,3,3,1,StoneBr,2Story,10,2006
124900,7200,2,1,0,CollgCr,1Story,5,1972
158000,13072,3,1,1,SawyerW,1Story,6,2004
101000,7200,3,1,0,IDOTRR,2.5Unf,5,1920
202500,6442,2,2,0,NridgHt,1Story,8,2006
140000,10300,3,2,0,OldTown,2Story,7,1921
317000,9591,4,2,1,NridgHt,2Story,8,2004
226000,10665,3,2,0,CollgCr,1Story,7,2003
80000,4608,2,1,0,OldTown,1Story,4,1945
225000,15593,3,2,0,ClearCr,1.5Fin,7,1953
244000,13651,3,2,0,NAmes,1Story,7,1973
129500,7599,2,1,0,Mitchel,1Story,4,1982
185000,10141,3,2,1,Gilbert,2Story,7,1998
144900,10200,3,1,0,NAmes,1Story,5,1954
107400,5790,3,2,0,OldTown,2Story,3,1915
91000,1596,2,1,0,MeadowV,SLvl,4,1973
127000,8635,2,1,0,BrkSide,1.5Fin,5,1948
110000,10440,2,1,1,OldTown,2Story,5,1910
193500,13000,4,2,1,NAmes,2Story,6,1968
153500,4500,2,2,0,Mitchel,1Story,6,1998
245000,10206,3,2,0,Somerst,1Story,8,2007
126500,8892,3,1,1,NAmes,1Story,5,1960
260000,16059,4,2,1,NoRidge,2Story,8,1991
174000,11911,3,2,1,Gilbert,2Story,6,2005
164500,3951,2,2,1,Somerst,2Story,6,2009
98600,8500,2,1,0,NAmes,1Story,5,1961
163500,13360,2,1,0,Crawfor,1Story,5,1921
133900,7200,4,2,0,OldTown,2.5Unf,6,1910
204750,9337,3,2,1,CollgCr,2Story,6,1997
214000,10264,3,2,0,CollgCr,1Story,7,1999
94750,10921,3,1,0,Edwards,1Story,4,1965
83000,10625,2,1,0,Edwards,1Story,5,1920
178000,9206,3,2,1,SawyerW,2Story,6,1985
198900,10402,3,2,0,CollgCr,1Story,7,2009
250000,9375,3,2,1,Somerst,2Story,8,2003
100000,10800,2,1,0,OldTown,1Story,4,1885
115000,6000,2,1,0,OldTown,1Story,5,1948
190000,11751,3,2,0,NWAmes,1Story,6,1977
136900,9525,4,2,0,Edwards,1.5Fin,6,1954
383970,9965,4,2,1,CollgCr,2Story,7,2007
259500,7259,3,2,1,Crawfor,2Story,6,1945
176000,3230,2,2,1,Somerst,2Story,6,1999
155000,8536,2,1,1,Edwards,1Story,5,2006
320000,12376,5,3,0,SawyerW,2Story,7,1990
163990,8461,3,2,1,CollgCr,2Story,6,2005
100000,6060,3,1,0,IDOTRR,1.5Fin,4,1939
136000,9464,3,1,0,NAmes,1Story,6,1958
153900,7892,2,2,0,SawyerW,1Story,6,1993
181000,17043,3,2,0,NWAmes,1Story,6,1979
155000,7590,3,1,1,NAmes,2Story,6,1966
150000,8973,3,1,1,NAmes,1Story,5,1958
226000,14200,4,2,1,NAmes,2Story,7,1966
150750,7388,3,1,0,NAmes,1Story,5,1959
180000,10335,3,2,1,Sawyer,1Story,5,1968
174000,10400,3,2,0,NWAmes,1Story,7,1970
171000,11070,5,3,0,Mitchel,1Story,7,1988
230000,9066,3,2,1,CollgCr,2Story,8,1999
231500,15426,3,2,1,CollgCr,2Story,6,1997
260000,11645,3,2,0,CollgCr,1Story,7,2005
166000,8520,4,2,0,NAmes,1.5Fin,5,1952
204000,10335,3,2,0,CollgCr,1Story,7,1999
125000,9100,6,2,0,Sawyer,1Story,5,1963
130000,2522,3,2,0,Edwards,2Story,6,2004
105000,6120,2,1,0,BrkSide,1Story,5,1931
122000,10356,3,1,1,CollgCr,1Story,5,1975
372402,13891,2,2,0,NridgHt,1Story,8,2007
125000,11340,4,1,0,OldTown,1Story,6,1923
269500,12003,4,2,1,Timber,2Story,8,2009
254900,12552,3,2,1,Somerst,2Story,7,2004
320000,19378,4,2,1,Gilbert,2Story,7,2005
412500,13688,3,2,1,NridgHt,2Story,9,2003
220000,12182,3,2,0,NridgHt,1Story,7,2005
152000,5400,3,2,0,OldTown,1Story,6,1926
325624,10562,3,1,1,NridgHt,2Story,8,2007
183500,8244,3,2,1,Gilbert,2Story,7,2004
215000,31770,3,1,0,NAmes,1Story,6,1960
239000,5306,2,2,0,StoneBr,2Story,7,1987
163000,10197,3,1,1,NAmes,1Story,6,1961
184000,12416,3,2,0,Timber,1Story,6,1986
243000,12615,4,2,0,Edwards,1Story,6,1950
211000,10029,4,2,1,ClearCr,2Story,6,1988
501837,17423,1,2,0,StoneBr,1Story,9,2008
100000,8520,2,1,0,OldTown,1Story,5,1923
200100,7588,4,1,1,Crawfor,2Story,7,1920
200000,11426,3,2,1,OldTown,1.5Fin,7,2003
127000,7438,3,1,0,BrkSide,1.5Fin,5,1908
475000,22950,4,2,1,OldTown,2.5Fin,10,1892
135000,10410,3,2,1,OldTown,1.5Fin,5,1916
153337,7018,2,0,2,SawyerW,SFoyer,5,1979
286000,4923,0,1,1,StoneBr,1Story,8,2001
315000,10570,3,2,1,Crawfor,2Story,8,1932
192000,9017,3,2,0,CollgCr,1Story,7,1999
130000,2522,3,2,0,Edwards,2Story,7,2004
127000,7180,3,1,0,CollgCr,1Story,5,1972
148500,2280,3,2,1,NPkVill,2Story,6,1976
311872,9416,3,2,0,Somerst,1Story,7,2007
235000,25419,4,2,0,NAmes,2Story,8,1918
274900,9591,3,2,0,NridgHt,1Story,8,2004
140000,8546,2,2,0,Edwards,1Story,4,2003
171500,10125,3,2,0,Mitchel,1Story,6,1977
112000,7000,2,2,0,OldTown,1.5Fin,6,1924
110000,3500,2,1,1,OldTown,1.5Fin,5,1947
180500,11851,3,2,0,Gilbert,1Story,7,1990
143900,13673,3,1,1,Sawyer,1Story,5,1962
145000,8250,3,1,0,NAmes,1Story,6,1964
186000,10420,3,2,0,Edwards,1Story,6,2009
252678,8640,3,2,1,Somerst,2Story,7,2009
156000,13568,3,1,0,CollgCr,1Story,5,1995
134450,10011,2,1,0,NAmes,1Story,5,1957
210000,8450,3,2,0,CollgCr,1Story,7,2004
107000,9906,3,1,0,OldTown,2Story,4,1925
167240,3010,2,2,0,Blmngtn,1Story,7,2005
204900,8990,2,2,0,CollgCr,1Story,7,2006
179900,11475,3,2,1,NWAmes,2Story,6,1975
97000,10500,2,1,0,NAmes,1Story,4,1971
386250,13472,3,2,0,NridgHt,1Story,10,2003
112000,1680,3,2,1,BrDale,2Story,5,1971
290000,9950,4,2,1,NoRidge,2Story,7,1995
106000,1869,2,1,1,BrDale,2Story,6,1970
125000,8521,3,1,0,Sawyer,1Story,5,1967
192500,3182,2,2,0,Blmngtn,1Story,7,2005
148000,8760,3,1,0,NAmes,1Story,6,1959
403000,15138,4,2,1,NoRidge,2Story,8,1995
94500,1680,2,1,1,BrDale,2Story,6,1972
128200,10650,3,1,0,CollgCr,1Story,5,1976
89500,1680,2,1,1,BrDale,2Story,6,1971
185500,8773,3,2,0,CollgCr,1Story,7,2004
318000,12030,3,2,0,NridgHt,1Story,8,2007
113000,8741,3,1,1,Edwards,1.5Fin,6,1945
262500,9000,3,2,0,Somerst,1Story,8,2008
79000,5000,3,1,0,OldTown,1.5Fin,5,1900
120000,10762,3,1,1,SawyerW,2Story,6,1980
241500,10400,3,2,0,NWAmes,1Story,7,1988
137000,9142,4,2,0,OldTown,2Story,6,1910
140000,11310,2,1,0,NAmes,1Story,6,1954
180000,11317,3,2,1,CollgCr,2Story,7,2003
235000,4750,2,2,0,Crawfor,1Story,8,2006
173000,8366,3,2,1,SawyerW,2Story,6,2004
158000,9350,3,2,0,NAmes,SLvl,6,1964
145000,8400,3,1,0,NAmes,1Story,5,1957
230000,8738,4,2,1,Gilbert,2Story,7,1999
207500,8791,3,2,1,Somerst,2Story,6,2003
220000,8814,3,2,1,CollgCr,1Story,7,2006
231500,12435,3,2,1,CollgCr,2Story,7,2001
176000,19296,3,1,0,NAmes,SLvl,6,1962
276000,9588,3,2,1,CollgCr,2Story,8,2007
151000,8471,3,1,0,Sawyer,SLvl,6,1977
130000,5500,3,1,0,OldTown,1.5Fin,5,1929
73000,5232,2,1,0,OldTown,1Story,5,1925
175500,12090,3,2,0,NWAmes,1Story,6,1981
185000,11207,3,2,1,Gilbert,2Story,6,1997
179500,8400,4,2,1,SWISU,2.5Fin,5,1939
120500,6900,2,1,0,IDOTRR,1Story,5,1940
266000,10728,3,2,1,Somerst,2Story,8,2006
241500,39104,2,1,0,ClearCr,1Story,7,1954
290000,11764,4,2,1,NoRidge,2Story,8,1999
139000,9600,3,2,0,NAmes,1Story,6,1958
124500,8314,2,1,0,Mitchel,1Story,5,1982
205000,7264,3,2,1,BrkSide,1.5Fin,7,1925
201000,9196,3,2,0,Mitchel,1Story,7,2003
141000,19138,2,1,0,Gilbert,1Story,4,1951
415298,14450,3,2,1,NridgHt,1Story,9,2006
192000,10005,4,2,1,ClearCr,2Story,7,1977
228500,11287,3,2,1,SawyerW,2Story,7,1989
185000,7200,2,2,0,Somerst,1Story,6,2006
207500,5063,2,2,0,NridgHt,1Story,7,2007
244600,9612,3,2,0,Somerst,1Story,8,2008
179200,8012,2,2,0,SawyerW,1Story,6,1992
164700,4251,2,2,1,Somerst,2Story,7,2006
159000,9786,3,1,1,NAmes,1.5Fin,6,1962
153575,8730,3,1,0,BrkSide,2Story,6,1915
233230,15611,3,2,1,CollgCr,2Story,8,2006
131000,11409,3,1,1,Edwards,1.5Fin,5,1949
167000,9600,3,1,0,NAmes,1Story,6,1953
142500,7937,3,1,0,Mitchel,SLvl,6,1984
152000,13710,4,1,1,IDOTRR,1.5Fin,5,1950
239000,7399,3,2,1,Somerst,2Story,7,1997
175000,11700,3,1,2,NWAmes,2Story,6,1968
158500,14000,3,1,0,Crawfor,1Story,6,1950
157000,15750,2,1,0,Crawfor,1Story,5,1953
267000,16226,4,2,1,CollgCr,2Story,8,1998
205000,13704,3,2,0,CollgCr,1Story,7,2001
149900,9800,3,1,0,CollgCr,1Story,5,1972
295000,18386,3,3,0,OldTown,2.5Fin,7,1880
305900,10386,3,2,0,CollgCr,1Story,8,2004
225000,13474,4,2,1,SawyerW,2Story,7,1990
360000,12378,3,2,0,NridgHt,1Story,9,2003
132000,8000,2,1,0,NAmes,1Story,6,1948
119900,7800,3,1,0,OldTown,1.5Fin,5,1939
375000,215245,3,2,0,Timber,1Story,7,1965
178000,9600,3,1,1,OldTown,2Story,7,1925
188500,7795,3,2,1,Gilbert,2Story,7,2004
260000,13005,4,2,1,NWAmes,2Story,7,1980
270000,9000,3,2,1,Somerst,2Story,8,2006
260000,9900,4,2,1,NoRidge,2Story,7,1993
342643,16259,4,3,1,NridgHt,2Story,9,2006
354000,12099,4,2,1,NridgHt,2Story,8,2004
301000,10380,4,2,1,SawyerW,2Story,7,1986
126175,5820,3,1,0,OldTown,1Story,3,1955
242000,11275,5,2,1,NAmes,SLvl,7,1967
87000,5000,2,1,0,IDOTRR,1.5Unf,5,1941
324000,10846,1,1,1,Veenker,1Story,8,1993
145250,11600,3,1,1,NAmes,1Story,6,1960
78000,6402,3,1,0,IDOTRR,2Story,5,1920
139000,8176,3,1,0,NAmes,1Story,5,1958
207000,8198,2,2,0,NridgHt,1Story,7,2004
192000,9042,3,2,1,Gilbert,2Story,6,1998
377426,14157,3,2,0,StoneBr,1Story,9,2005
214000,9135,3,2,0,CollgCr,1Story,7,2002
202500,14145,3,2,0,NWAmes,1Story,7,1984
155000,12400,3,1,0,NAmes,1Story,6,1958
202900,14191,4,2,1,Timber,2Story,8,2002
82000,8400,2,1,0,SawyerW,1Story,4,1950
266000,8849,2,2,0,NridgHt,1Story,9,2005
85000,2592,3,1,1,MeadowV,2Story,5,1976
140200,6435,3,1,0,BrkSide,1.5Fin,6,1939
154000,2448,2,2,1,NridgHt,2Story,7,2003
437154,20431,4,2,1,NridgHt,2Story,9,2005
318061,7820,2,2,0,NridgHt,1Story,9,2007
95000,9084,3,1,0,Edwards,1.5Fin,5,1941
105900,8520,2,1,0,OldTown,1Story,6,1928
140000,8400,2,1,0,SWISU,1.5Fin,6,1940
177500,11249,3,2,0,CollgCr,1Story,6,1995
134000,4224,3,1,1,MeadowV,1Story,5,1976
130000,6930,3,1,0,ClearCr,SLvl,5,1958
280000,12011,3,2,1,NoRidge,2Story,8,1998
118000,1680,2,1,1,BrDale,2Story,6,1972
147000,10690,3,1,0,IDOTRR,2Story,5,1920
165000,9150,3,1,0,NAmes,SLvl,6,1962
132000,7800,2,1,0,NAmes,1Story,5,1954
125000,7175,2,1,0,SawyerW,1Story,6,1984
123000,10634,3,1,0,NAmes,1Story,5,1953
219500,8200,4,2,1,CollgCr,2Story,7,2003
148000,8846,2,1,0,CollgCr,SFoyer,5,1996
340000,11143,4,3,0,Somerst,2Story,8,2004
394432,11394,1,1,1,StoneBr,1Story,9,2010
179000,8123,3,2,1,Gilbert,2Story,6,2000
127000,5000,3,2,0,SWISU,1.5Fin,5,1924
187750,7200,2,2,0,Somerst,1Story,7,2006
213500,9245,3,2,1,CollgCr,2Story,7,2006
76000,9000,2,1,0,SawyerW,1.5Unf,6,1928
192000,3182,2,2,0,Blmngtn,1Story,8,2004
125000,7200,3,1,0,Edwards,SLvl,6,1976
191000,9382,3,2,0,CollgCr,1Story,7,1999
426000,12474,3,2,1,NridgHt,2Story,10,2007
119000,8405,4,1,0,Edwards,1.5Fin,5,1900
215000,12209,3,2,1,Mitchel,2Story,6,2001
109000,10134,2,1,0,OldTown,1.5Fin,5,1940
129000,9571,3,1,0,Edwards,1Story,5,1956
123000,7200,2,1,0,CollgCr,1Story,5,1972
169500,7590,4,2,0,NAmes,2Story,5,1962
67000,8967,2,1,0,IDOTRR,1Story,5,1920
241000,8125,2,2,0,Somerst,2Story,7,2006
245500,14963,1,1,1,Veenker,1Story,8,1996
164990,8767,3,2,0,CollgCr,1Story,7,2005
108000,10200,2,1,0,Sawyer,1Story,5,1940
258000,12090,4,2,1,NoRidge,2Story,8,1998
115000,10480,3,1,0,SWISU,1.5Fin,6,1936
177000,15576,4,2,0,Crawfor,2Story,6,1915
280000,14154,3,2,1,NridgHt,2Story,7,2006
339750,10800,3,2,1,Somerst,2Story,8,2007
60000,9571,3,1,0,Edwards,1Story,5,1958
145000,34650,3,1,0,Gilbert,1Story,5,1955
115000,8960,2,1,0,OldTown,1Story,5,1927
228000,11228,3,2,1,SawyerW,2Story,7,1993
181134,8899,3,2,0,Gilbert,1Story,7,2007
149500,7844,3,1,1,Sawyer,2Story,6,1978
239000,22420,4,2,1,Crawfor,2Story,6,1918
126000,8160,3,1,1,Edwards,1.5Fin,5,1940
142000,8450,3,1,0,NAmes,1Story,5,1968
206300,7060,2,2,0,Mitchel,SFoyer,7,1997
113000,21750,2,1,0,Mitchel,1Story,5,1954
315000,9200,4,2,1,NoRidge,2Story,8,1998
139000,9000,2,1,0,NAmes,1Story,6,1956
135000,3378,3,1,1,OldTown,2Story,7,1946
109008,8593,3,1,0,NAmes,1Story,4,1957
195400,6762,2,2,0,CollgCr,1Story,7,2007
175000,11457,3,2,0,Timber,1Story,6,1988
85400,1680,2,1,1,BrDale,2Story,6,1971
122500,1920,2,1,1,BrDale,2Story,5,1971
181000,10839,3,2,1,Gilbert,2Story,6,1997
212000,10667,3,2,1,CollgCr,2Story,7,1996
116000,4400,2,1,0,OldTown,1.5Fin,6,1920
119000,6000,2,1,0,BrkSide,1.5Unf,6,1926
90350,4280,2,1,0,Crawfor,1Story,5,1913
110000,12354,3,1,0,Edwards,1.5Fin,6,1920
555000,15431,2,2,0,NridgHt,1Story,10,2008
162900,6240,3,2,0,BrkSide,1.5Fin,5,1930
172500,3922,2,2,0,Blmngtn,1Story,7,2006
210000,8750,4,2,1,CollgCr,2Story,7,1994
127500,9855,3,1,0,Edwards,1Story,6,1956
190000,16492,2,2,1,NAmes,1Story,6,1966
119500,8600,3,2,0,IDOTRR,1.5Fin,6,1937
120000,6000,2,1,1,OldTown,1.5Fin,3,1948
110000,5684,2,1,0,OldTown,1Story,6,1930
280000,70761,2,2,0,ClearCr,1Story,7,1975
210000,9000,3,2,1,Somerst,2Story,8,2008
188000,9297,4,2,0,Mitchel,1Story,5,1976
175500,9600,3,1,1,NWAmes,1Story,7,1973
98000,4571,4,1,0,OldTown,2Story,5,1916
263435,8004,3,2,1,Somerst,2Story,8,2009
155000,7200,3,1,0,SWISU,2Story,7,1936
62383,8281,3,1,0,Sawyer,1Story,5,1965
188700,11988,3,1,1,Crawfor,2Story,6,1934
167000,10628,2,1,0,NAmes,1Story,7,1970
146500,9480,3,1,1,NAmes,2Story,5,1942
250000,11428,3,2,0,NridgHt,1Story,8,2006
187000,9291,3,2,1,SawyerW,2Story,6,1993
190000,11952,3,2,1,NWAmes,2Story,7,1977
148000,3675,2,1,0,Edwards,SLvl,6,2005
440000,14977,2,2,0,NridgHt,1Story,8,2006
251000,5330,2,2,0,StoneBr,1Story,8,2000
132500,8480,2,1,0,Sawyer,1Story,5,1963
208900,13125,3,2,0,CollgCr,1Story,6,1997
380000,13693,3,2,1,NridgHt,2Story,9,2006
297000,10637,3,2,0,CollgCr,1Story,8,2007
89471,5925,2,1,0,OldTown,1Story,4,1937
326000,16033,3,2,0,NridgHt,1Story,9,2004
374000,11846,2,2,0,NridgHt,1Story,9,2003
155000,2500,4,1,1,OldTown,2Story,7,1915
164000,4500,2,2,0,Mitchel,1Story,6,1998
147000,9600,3,1,0,NAmes,1Story,5,1950
156000,10289,3,1,1,NAmes,1Story,5,1965
175000,12243,3,2,0,NWAmes,1Story,5,1971
160000,10800,3,2,0,OldTown,1.5Fin,5,1900
86000,1526,1,1,0,MeadowV,SFoyer,4,1970
133000,9490,3,1,0,NAmes,1.5Fin,6,1941
172785,15578,3,2,1,Gilbert,2Story,6,2006
155000,7931,3,1,1,NAmes,1Story,5,1960
91300,5784,2,1,0,OldTown,1Story,5,1938
184000,9120,4,2,0,BrkSide,1.5Fin,7,1925
130000,7800,3,1,0,Sawyer,1Story,5,1967
120000,7535,2,1,0,NAmes,1Story,5,1958
113000,1890,3,1,1,BrDale,2Story,6,1973
226700,9803,3,2,1,Somerst,2Story,7,2005
140000,9170,2,1,0,Edwards,1Story,5,1965
289000,15602,1,2,0,Crawfor,1Story,7,1959
147000,2308,3,2,1,NPkVill,2Story,6,1974
124500,7596,4,2,0,OldTown,2Story,5,1952
215000,9554,3,2,1,SawyerW,2Story,8,1993
208300,7862,2,2,0,Somerst,1Story,6,2009
161000,9600,3,2,0,OldTown,2Story,7,1928
124500,9600,3,1,0,NAmes,1Story,5,1959
164900,14559,2,1,0,NAmes,1Story,5,1951
202665,6792,2,2,0,NridgHt,1Story,7,2005
129900,9100,3,1,0,NAmes,1Story,5,1958
134000,9187,3,1,1,Mitchel,1Story,6,1983
96500,10594,2,1,0,Crawfor,1.5Unf,5,1926
402861,12220,3,2,1,NridgHt,1Story,10,2009
265000,10208,3,2,1,NoRidge,2Story,7,1996
234000,10918,3,1,1,Crawfor,2Story,7,1926
150000,11988,3,1,1,NAmes,1Story,6,1957
159000,5000,3,2,0,BrkSide,1.5Fin,6,1947
184750,40094,3,3,1,Edwards,2Story,10,2007
315750,11787,3,2,1,NoRidge,2Story,7,1996
176000,7500,3,2,0,Somerst,1Story,7,2005
132000,13300,2,1,0,NAmes,1Story,5,1956
446261,14948,3,2,1,NridgHt,2Story,9,2008
175000,10200,3,2,0,Timber,SLvl,6,1988
128000,6155,3,2,0,BrkSide,2Story,6,1920
178000,9056,3,2,1,Gilbert,2Story,8,2004
188000,8924,3,2,1,CollgCr,2Story,7,1998
315000,14601,2,2,0,Timber,1Story,9,2006
213250,10140,3,2,0,NWAmes,1Story,7,1998
133000,4058,1,1,0,NAmes,SFoyer,7,1998
179665,17104,3,2,1,Gilbert,2Story,7,2006
210000,8737,3,1,1,BrkSide,1.5Fin,6,1923
129500,7244,2,1,0,Mitchel,SFoyer,5,1970
125000,8235,2,1,0,OldTown,1Story,5,1955
263000,9375,4,2,1,Somerst,2Story,7,2003
140000,4043,2,2,0,NPkVill,1Story,6,1977
112500,6000,3,1,0,OldTown,1Story,5,1957
255500,11146,3,2,0,NridgHt,1Story,8,2006
284000,10625,3,2,1,NridgHt,2Story,7,2003
113000,6380,2,1,0,BrkSide,1.5Unf,5,1922
141000,14850,2,1,0,NAmes,1Story,5,1957
108000,11040,3,1,1,IDOTRR,1.5Fin,4,1920
175000,21872,3,2,1,Gilbert,2Story,7,1996
170000,10010,2,1,0,Mitchel,1Story,5,1974
185000,21780,4,2,0,Edwards,1.5Fin,6,1918
128000,6858,4,1,1,SWISU,2Story,6,1915
325000,11198,4,2,1,StoneBr,2Story,9,2005
214000,10171,3,2,0,NridgHt,1Story,7,2004
316600,12327,1,1,1,SawyerW,1.5Fin,8,1983
142600,13101,6,2,0,NAmes,1Story,5,1965
120000,7332,2,1,0,NAmes,1Story,6,1959
224500,13159,3,2,1,Timber,2Story,7,2009
170000,9967,3,2,1,Gilbert,SLvl,7,2000
139000,10500,3,1,0,NAmes,SLvl,5,1971
118500,8480,2,1,0,NAmes,1.5Fin,5,1947
145000,6292,3,2,0,SWISU,1.5Fin,7,1928
164500,11777,3,1,0,Sawyer,SLvl,5,1966
146000,3604,2,2,0,Somerst,2Story,7,2007
131500,12150,4,2,0,OldTown,1.5Fin,5,1954
253293,12704,3,2,1,NridgHt,1Story,8,2008
325000,13500,3,3,1,OldTown,2.5Unf,10,1893
133000,6120,3,1,0,BrkSide,1.5Fin,4,1935
369900,11443,2,2,0,Timber,1Story,8,2005
130000,10267,2,1,0,BrkSide,1Story,6,1918
137000,8740,2,1,0,Sawyer,SFoyer,5,1982
143000,25095,1,1,0,ClearCr,1Story,5,1968
79500,9100,2,1,0,BrkSide,1Story,5,1930
185900,8320,3,2,1,CollgCr,2Story,7,2004
451950,13478,3,2,1,NridgHt,2Story,10,2008
138000,6600,2,1,0,Mitchel,1Story,5,1982
110000,7990,3,1,0,CollgCr,1Story,5,1975
319000,11302,3,2,0,StoneBr,1Story,8,2005
114504,3600,3,1,0,OldTown,2Story,6,1910
194201,3922,2,0,2,Blmngtn,1Story,7,2006
217500,12984,3,2,0,Crawfor,1Story,5,1977
151000,1950,3,2,1,Blueste,2Story,6,1980
275000,10927,3,2,1,NridgHt,2Story,8,2005
141000,9000,3,1,1,IDOTRR,1.5Fin,6,1937
220000,10041,3,2,1,SawyerW,2Story,8,1992
151000,3182,2,2,1,Somerst,2Story,7,2004
221000,12803,3,2,0,CollgCr,1Story,7,2002
205000,13600,3,2,1,NAmes,2Story,7,1965
152000,12464,3,1,0,CollgCr,1Story,5,1996
225000,7800,3,3,0,Edwards,2Story,5,1948
359100,12168,4,2,1,Crawfor,2Story,8,1934
118500,7943,3,1,0,Sawyer,1Story,4,1961
137500,8800,3,1,0,NAmes,SFoyer,6,1963
105500,7227,2,1,0,NAmes,1.5Unf,6,1954
314813,11694,3,2,0,NridgHt,1Story,9,2007
305000,12244,4,2,1,Timber,2Story,8,2003
240000,10800,4,2,1,NWAmes,2Story,6,1974
135000,7064,3,1,0,Sawyer,1Story,5,1977
165150,10400,4,1,2,NWAmes,2Story,6,1972
160000,10000,3,1,1,NAmes,1Story,6,1962
153000,9600,3,1,0,NAmes,SLvl,6,1955
135000,11606,5,1,2,NAmes,2Story,5,1969
168500,9020,3,1,1,NAmes,SLvl,6,1964
124000,9000,3,1,0,OldTown,2Story,5,1880
209500,4590,2,2,0,NridgHt,1Story,8,2006
82500,11900,3,2,0,NWAmes,1Story,7,1977
139400,9250,3,1,0,NAmes,1Story,5,1954
144000,6979,0,0,0,OldTown,SFoyer,6,1980
93000,6000,3,2,0,OldTown,1.5Fin,5,1954
264561,3982,1,2,0,Blmngtn,1Story,8,2006
274000,12677,1,1,1,NridgHt,1Story,8,2003
345000,13860,4,2,1,NAmes,SLvl,8,1972
152000,10793,4,2,1,NWAmes,2Story,5,1969
370878,9187,2,2,1,Somerst,1Story,9,2009
155000,10452,3,1,0,Edwards,1Story,6,1953
155000,7700,4,1,1,NAmes,2Story,6,1966
108000,9084,4,1,0,Edwards,2Story,4,1940
191000,8750,2,2,1,CollgCr,2Story,7,1996
135000,10320,3,1,0,IDOTRR,1.5Fin,6,1906
350000,10437,2,2,1,NoRidge,1Story,8,1995
88000,1680,3,1,1,BrDale,2Story,6,1971
145500,10007,3,1,1,NAmes,1Story,5,1959
149000,7200,3,1,1,Crawfor,2Story,7,1931
97500,17503,3,1,0,NAmes,1.5Fin,6,1948
167000,9937,3,1,0,Edwards,1Story,5,1964
402000,46589,4,2,1,NoRidge,2Story,8,1994
110000,13560,2,1,0,NAmes,1Story,6,1968
137500,10012,3,2,0,Edwards,SFoyer,4,1972
423000,20896,1,1,1,Somerst,1Story,8,2005
230500,11194,3,2,1,Gilbert,2Story,8,2000
193500,8125,3,2,0,SawyerW,1Story,6,1994
137500,11600,2,1,0,Crawfor,1Story,4,1922
173500,8633,3,2,1,CollgCr,2Story,6,2005
103600,6629,3,2,0,Edwards,2Story,6,1925
257500,14442,3,2,0,Crawfor,1Story,6,1957
140000,9200,3,1,0,NAmes,1Story,6,1965
148500,2289,3,2,1,NPkVill,2Story,6,1978
87000,9600,4,2,0,OldTown,2Story,4,1900
109500,9022,2,1,0,OldTown,1Story,5,1924
372500,11844,3,2,1,StoneBr,1Story,8,2008
143000,8012,2,2,0,SawyerW,1Story,6,1980
159434,4500,3,1,0,SWISU,1.5Fin,5,1932
285000,11248,3,2,0,CollgCr,1Story,9,2002
221000,16770,4,2,1,NoRidge,2Story,7,1998
227875,10207,3,3,0,Somerst,2Story,7,2007
392000,8089,2,2,0,StoneBr,1Story,8,2007
194700,7577,2,2,0,NridgHt,1Story,6,2005
755000,21535,4,3,1,NoRidge,2Story,10,1994
335000,26178,4,2,1,Timber,2Story,7,1989
108480,5400,2,1,0,OldTown,1Story,5,1921
141500,6120,3,1,1,BrkSide,1.5Fin,5,1936
176000,13811,2,2,0,Timber,1Story,6,1987
89000,6000,2,1,0,BrkSide,1Story,5,1921
123500,6420,2,1,0,Edwards,1Story,5,1952
138500,8450,3,1,0,Sawyer,1Story,5,1965
196000,4282,2,2,0,Somerst,1Story,7,2004
312500,14331,3,2,0,Timber,1Story,8,2002
140000,9600,3,1,1,NWAmes,1Story,7,1969
361919,12438,4,2,1,StoneBr,2Story,8,2006
140000,7630,4,2,0,OldTown,2Story,5,1900
213000,8400,3,2,0,CollgCr,1Story,7,2004
254000,6240,2,2,0,NridgHt,1Story,8,2006
179540,9018,3,2,1,Gilbert,2Story,7,2007
102776,8712,2,1,0,IDOTRR,1.5Fin,4,1900
189000,4671,2,2,0,StoneBr,1Story,8,1988
129000,9873,3,1,0,BrkSide,1Story,4,1970
165000,10140,3,2,0,NWAmes,1Story,6,1974
159500,10800,3,1,1,OldTown,2Story,7,1890
157000,10000,3,1,1,NWAmes,1Story,5,1973
341000,10542,3,2,1,NoRidge,2Story,7,1993
128500,9920,3,1,1,CollgCr,1Story,5,1969
124500,8120,3,1,0,NAmes,1Story,4,1970
135000,8172,4,2,0,Edwards,1.5Fin,4,1954
320000,13286,3,2,0,Edwards,1Story,9,2007
120500,6960,3,1,0,NAmes,1Story,4,1970
194500,7314,2,2,0,CollgCr,1Story,7,2007
110000,11475,4,2,0,NAmes,1Story,5,1958
103000,6240,2,1,0,IDOTRR,1.5Fin,4,1925
236500,5389,2,2,0,StoneBr,1Story,8,1995
187500,9590,3,2,0,Timber,SLvl,7,2003
222500,11404,3,2,1,CollgCr,2Story,7,1998
131400,10000,3,1,0,Sawyer,1Story,5,1961
163000,10800,2,1,1,OldTown,2.5Unf,7,1914
239900,10463,3,2,1,Gilbert,2Story,8,2005
190000,9313,3,2,1,CollgCr,2Story,7,2004
132000,9600,2,2,0,OldTown,2Story,5,1910
142000,6768,3,1,0,Sawyer,1Story,6,1961
179000,8450,3,2,0,SawyerW,1Story,7,2000
175000,12886,3,2,0,Sawyer,SLvl,5,1963
180000,5395,2,2,0,StoneBr,1Story,8,1993
265979,11700,4,1,1,OldTown,2Story,7,1880
260400,10593,3,2,0,NoRidge,1Story,7,1996
217000,9236,3,2,0,CollgCr,1Story,6,1997
275500,10240,3,2,1,NridgHt,2Story,8,2005
156000,7930,3,1,0,NAmes,1Story,6,1969
172500,3230,3,2,1,Somerst,2Story,6,1999
212000,10769,3,2,1,CollgCr,2Story,8,2007
179400,2280,3,2,1,Somerst,2Story,7,1999
290000,12257,4,2,1,NoRidge,2Story,8,1995
127500,9100,2,1,0,NAmes,1Story,6,1959
100000,6911,2,1,0,BrkSide,1Story,5,1924
215200,8640,3,2,1,Somerst,2Story,7,2009
337000,9430,3,2,1,NoRidge,2Story,8,1999
270000,9549,2,1,1,Veenker,1Story,8,1995
264132,14587,2,2,0,Somerst,1Story,9,2008
196500,10421,3,2,1,NWAmes,2Story,7,1988
160000,12508,4,2,0,Mitchel,1.5Fin,6,1940
216837,9100,3,2,0,CollgCr,1Story,7,2004
538000,53504,4,3,1,StoneBr,2Story,8,2003
102000,8877,2,1,0,Edwards,1Story,4,1951
107000,7819,3,1,0,Edwards,SLvl,6,1976
114500,10150,2,1,0,NAmes,1Story,5,1958
395000,14226,3,2,0,NridgHt,1Story,8,2006
162000,4500,2,2,0,Mitchel,1Story,6,1998
221500,11210,3,2,0,CollgCr,1Story,7,2005
142500,13350,3,1,0,Sawyer,1Story,5,1974
135000,10530,2,1,0,Mitchel,SFoyer,6,1977
176000,7875,3,2,0,Gilbert,1Story,7,1995
175900,7153,3,2,1,SawyerW,2Story,6,1992
187100,16285,3,2,0,CollgCr,1Story,7,2001
139000,10800,4,2,0,OldTown,1.5Fin,5,1915
233000,10142,4,2,1,SawyerW,2Story,7,2004
107900,6000,2,1,0,OldTown,1Story,4,1954
160200,3182,2,2,0,Blmngtn,1Story,7,2005
269790,9920,3,2,1,NoRidge,2Story,7,1996
225000,9158,3,2,0,Somerst,1Story,8,2007
171000,8400,3,2,1,SawyerW,2Story,6,1980
143500,8197,3,1,1,Sawyer,1Story,6,1977
110000,7677,2,1,0,NAmes,1Story,5,1953
485000,13518,4,3,1,NridgHt,2Story,9,2008
175000,7200,3,1,1,SWISU,1.5Fin,5,1937
200000,12798,4,2,1,ClearCr,2Story,6,1997
109900,4800,2,1,0,IDOTRR,1Story,4,1916
189000,8199,3,2,1,CollgCr,2Story,7,2005
582933,13891,4,3,1,NridgHt,2Story,9,2008
118000,9000,2,1,0,NAmes,1Story,5,1954
227680,12274,3,2,0,Somerst,1Story,7,2008
135500,9750,3,2,0,NAmes,SLvl,5,1967
223500,21384,3,1,1,BrkSide,2Story,5,1923
159950,13400,3,1,0,NAmes,SLvl,5,1966
106000,8100,2,2,0,OldTown,2.5Unf,5,1898
181000,10140,3,1,1,NWAmes,1Story,6,1974
55993,8712,2,1,0,IDOTRR,1Story,5,1952
157900,9750,4,1,1,NAmes,1Story,6,1958
116000,8248,3,1,1,Edwards,1.5Fin,5,1918
224900,12137,3,2,0,CollgCr,1Story,7,1998
155000,8816,3,1,0,ClearCr,SLvl,6,1971
224000,6371,2,2,0,NridgHt,1Story,7,2009
183000,7226,3,2,1,CollgCr,2Story,7,2003
93000,6000,2,1,0,OldTown,1Story,4,1953
139500,9900,3,2,0,SWISU,1.5Fin,6,1940
232600,11216,3,2,0,Somerst,1Story,8,2006
385000,14803,2,2,0,NridgHt,1Story,10,2007
189000,8529,3,2,0,SawyerW,1Story,7,2001
147400,2544,2,2,1,Somerst,2Story,7,2005
166000,11900,3,1,1,NAmes,1Story,6,1957
151000,3180,2,2,1,Somerst,2Story,7,2005
237000,9548,3,2,1,CollgCr,2Story,7,2003
167000,10004,3,1,1,NAmes,1Story,6,1964
139950,7875,3,1,0,NAmes,1Story,5,1961
128000,9600,2,2,0,Sawyer,1Story,4,1950
153500,8100,2,1,0,OldTown,1Story,5,1948
100000,1680,2,1,1,BrDale,2Story,6,1973
144000,9525,3,1,1,CollgCr,1Story,5,1995
130500,11767,3,1,0,Edwards,1.5Fin,5,1946
157500,10440,3,2,0,OldTown,2Story,5,1904
174900,9020,3,1,1,NAmes,SLvl,6,1966
153900,12665,4,1,1,OldTown,1.5Fin,5,1915
213000,9317,3,2,1,SawyerW,2Story,7,1993
133500,15523,3,1,0,CollgCr,1Story,5,1972
240000,45600,5,3,0,ClearCr,1.5Fin,6,1908
187000,9600,3,2,1,Veenker,SLvl,6,1976
131500,4435,1,1,0,CollgCr,1Story,6,2003
164000,7128,4,2,0,Crawfor,2.5Unf,7,1941
170000,17920,3,1,1,Sawyer,1Story,5,1955
174000,8125,3,2,1,Gilbert,2Story,6,1994
152000,10400,3,2,0,NWAmes,1Story,7,1976
189950,7642,3,1,1,Crawfor,1.5Fin,7,1918
131500,11625,3,1,1,Sawyer,1Story,5,1965
152000,9672,3,2,0,SawyerW,1Story,6,1984
132500,7931,3,1,0,NAmes,1Story,5,1959
250580,8640,3,2,0,Somerst,1Story,7,2007
248900,10656,3,2,0,Timber,1Story,8,2006
129000,6970,3,1,1,Sawyer,1Story,4,1961
236000,9938,3,2,1,SawyerW,2Story,7,1993
109500,6600,2,1,0,NAmes,1Story,5,1962
200500,8750,3,2,1,CollgCr,2Story,6,1998
116000,8892,3,1,0,NAmes,1Story,5,1953
133000,12144,3,1,0,NAmes,1Story,5,1949
66500,5720,3,1,1,OldTown,1.5Fin,5,1941
303477,9000,4,2,1,Somerst,2Story,8,2007
132250,25286,3,1,0,Mitchel,1Story,4,1963
350000,8834,4,2,1,NridgHt,2Story,9,2004
148000,11782,3,1,0,Sawyer,SFoyer,5,1961
157000,7024,2,1,1,Edwards,1Story,5,2005
187500,13758,3,2,1,Timber,1.5Fin,7,1990
118500,6204,5,1,0,SWISU,2.5Fin,4,1912
100000,7150,3,1,0,NAmes,1Story,5,1967
328900,5119,2,2,0,Somerst,1Story,9,1999
145000,8393,4,2,0,NAmes,1Story,5,1959
135500,16466,3,1,1,Edwards,1.5Fin,5,1955
268000,15865,4,2,0,NAmes,1Story,8,1970
149500,12160,2,1,0,NAmes,1Story,6,1953
122900,8064,3,1,0,NAmes,1.5Fin,5,1949
172500,11184,3,2,1,Sawyer,2Story,6,1978
154500,8414,3,1,0,Sawyer,1Story,6,1963
140000,7056,4,1,1,NAmes,2Story,6,1963
106500,8765,2,1,0,IDOTRR,1Story,4,1936
611657,12919,2,2,1,NridgHt,1Story,9,2009
135000,6993,3,1,0,Sawyer,1Story,5,1961
153000,8712,2,1,0,NAmes,1Story,5,1957
180000,7875,3,2,1,Gilbert,2Story,7,2003
240000,14859,3,2,0,Gilbert,1Story,7,2006
128000,9920,3,1,0,NAmes,1Story,5,1954
255000,13501,3,2,0,Somerst,1Story,8,2006
250000,11500,3,1,1,Crawfor,1.5Fin,7,1936
174000,12589,3,2,1,Gilbert,2Story,6,2005
154300,11600,5,2,0,NAmes,2Story,5,1960
88000,6120,3,1,0,BrkSide,1Story,5,1925
145000,6270,4,2,0,Crawfor,2Story,5,1949
173733,3000,2,2,1,Somerst,2Story,6,2009
75000,2001,3,1,1,MeadowV,2Story,4,1970
35311,9000,1,0,0,IDOTRR,1Story,2,1949
238000,13125,4,2,1,SawyerW,2Story,7,1991
176500,11029,3,1,0,NAmes,1Story,6,1958
201000,8462,3,2,1,SawyerW,2Story,6,1994
169990,10237,3,2,0,Gilbert,1Story,6,2005
193000,8012,2,2,0,SawyerW,1Story,6,1993
207500,10240,3,2,0,NWAmes,1Story,6,1980
285000,11999,4,2,1,NridgHt,2Story,8,2003
201000,8925,3,2,0,Timber,1Story,8,2007
117500,9100,2,1,0,NAmes,1Story,5,1965
320000,11670,3,2,0,Somerst,1Story,9,2006
190000,8487,3,2,0,CollgCr,1Story,7,2004
242000,27650,4,2,0,NAmes,1Story,7,1960
79900,5825,1,1,0,BrkSide,1Story,4,1926
253000,9675,3,2,1,Somerst,2Story,7,2005
239799,8760,3,2,1,CollgCr,2Story,7,2006
150900,12640,4,2,0,Mitchel,1Story,6,1976
143000,25000,4,2,0,Mitchel,1Story,5,1967
124900,8820,2,1,0,OldTown,1.5Fin,5,1890
143000,8163,3,1,0,NAmes,SLvl,5,1959
270000,14536,3,2,0,Timber,1Story,8,2002
197500,9360,3,1,1,NWAmes,1Story,6,1972
129000,7200,3,1,0,NAmes,1Story,5,1950
119900,7800,3,1,0,SawyerW,1Story,5,1965
133900,7200,2,1,0,CollgCr,SFoyer,5,1972
145000,7136,4,2,0,Crawfor,2Story,6,1946
124000,1300,2,1,1,Blueste,2Story,6,1980
132000,7420,3,1,0,Sawyer,1Story,5,1962
185000,8450,3,2,0,CollgCr,1Story,7,2003
155000,2572,3,2,1,Somerst,2Story,7,1999
155000,2308,3,2,1,NPkVill,2Story,6,1976
239000,11923,2,2,0,CollgCr,1Story,9,2007
214900,11316,4,2,1,Timber,2Story,7,2002
178900,10237,3,2,1,Gilbert,2Story,6,2005
160000,9600,2,1,1,Crawfor,1.5Fin,5,1940
140000,10382,2,1,0,NAmes,SLvl,6,1958
173000,2268,2,2,0,NridgHt,2Story,7,2003
99500,7892,2,2,0,SawyerW,1Story,6,1979
167500,11414,3,1,0,BrkSide,2Story,7,1910
110000,9450,3,1,0,Edwards,1Story,4,1954
139000,8816,3,1,0,Sawyer,1Story,5,1963
336000,12203,4,2,1,NoRidge,2Story,8,1998
159895,3182,2,2,0,Blmngtn,1Story,7,2007
125000,10880,3,1,0,Edwards,1Story,5,1950
117000,5310,2,1,0,OldTown,1.5Fin,6,1910
395192,10159,3,2,1,NridgHt,1Story,9,2009
197000,8125,3,2,1,Somerst,2Story,7,2006
348000,9452,3,2,1,NoRidge,2Story,8,1997
168000,17671,4,1,1,OldTown,2Story,8,1882
187000,9760,3,2,1,NAmes,2Story,6,1964
173900,8846,3,2,1,CollgCr,2Story,6,2005
337500,12456,3,2,0,NridgHt,1Story,10,2006
121600,4712,3,1,1,BrkSide,1.5Fin,4,1946
91000,9786,3,1,0,IDOTRR,1Story,3,1922
206000,6762,2,2,0,CollgCr,1Story,7,2006
86000,5400,2,1,0,OldTown,1Story,5,1920
232000,11957,3,2,0,Somerst,1Story,8,2006
181000,3182,1,2,0,Blmngtn,1Story,7,2005
149900,8385,3,2,0,CollgCr,SLvl,5,1977
88000,2217,3,1,1,MeadowV,2Story,4,1970
240000,12118,3,2,0,Mitchel,1Story,7,2004
135000,21286,4,2,0,Sawyer,1.5Fin,5,1948
165000,10592,3,1,1,Crawfor,2Story,6,1923
85000,7200,2,1,0,OldTown,1Story,5,1910
119200,11664,2,1,0,NAmes,1Story,6,1948
227000,8400,3,2,1,NWAmes,2Story,8,2001
203000,11883,3,2,0,CollgCr,1Story,7,1996
213490,3013,2,2,0,Blmngtn,1Story,7,2005
176000,7024,2,1,1,Edwards,1Story,4,2005
194000,7406,2,2,0,CollgCr,1Story,7,2006
87000,9439,2,1,0,OldTown,1.5Fin,5,1930
191000,3182,2,2,0,Blmngtn,1Story,7,2005
112500,7700,3,1,0,CollgCr,1Story,5,1972
167500,9300,3,1,0,NAmes,1Story,5,1960
293077,9520,3,2,0,Timber,1Story,8,2007
105000,9492,3,1,0,NAmes,1.5Fin,5,1941
118000,1680,3,1,1,BrDale,2Story,6,1972
197000,15863,5,2,1,SWISU,2.5Fin,7,1920
119750,6305,2,1,0,Crawfor,1Story,5,1938
315500,12898,2,2,0,Timber,1Story,9,2007
80000,1477,1,1,0,MeadowV,SFoyer,4,1970
155000,13125,3,2,0,Sawyer,1Story,5,1957
196000,5381,1,2,0,NridgHt,1Story,6,2005
262280,11839,4,2,1,SawyerW,2Story,7,1990
278000,9600,4,2,1,NWAmes,1Story,8,1981
556581,16056,4,3,1,StoneBr,2Story,9,2005
145000,9245,3,1,0,CollgCr,1Story,5,1994
176485,8993,3,2,0,Gilbert,1Story,7,2007
200141,11175,3,2,0,CollgCr,1Story,7,2007
165000,9500,4,1,1,NAmes,2Story,6,1964
144500,8562,4,1,0,Edwards,1Story,5,1957
255000,11367,3,2,1,CollgCr,2Story,8,2002
180000,11361,3,2,0,NWAmes,1Story,6,1976
185850,7052,2,2,0,NridgHt,1Story,7,2005
335000,11308,3,2,1,NridgHt,2Story,9,2008
213500,4920,2,2,0,StoneBr,1Story,8,2001
81000,18000,2,1,0,IDOTRR,1Story,3,1935
90000,13600,5,2,0,OldTown,2Story,5,1900
110500,6000,2,1,0,OldTown,1Story,6,1925
328000,14000,3,2,1,ClearCr,2Story,7,1996
178000,7837,3,2,1,Gilbert,2Story,6,1993
167900,9760,4,1,1,NAmes,2Story,6,1964
151400,3964,5,2,1,MeadowV,2Story,6,1973
135000,9600,2,1,0,NAmes,1.5Unf,5,1949
135000,10152,3,1,0,NAmes,1Story,5,1956
154000,11700,4,1,1,NWAmes,2Story,6,1968
91500,7585,4,1,0,Edwards,1.5Fin,5,1948
159500,7950,3,1,1,Edwards,2Story,6,1977
194000,8556,2,2,0,CollgCr,1Story,7,2006
219500,13125,3,1,1,Crawfor,2Story,7,1940
170000,10800,3,2,0,OldTown,1.5Fin,5,1936
155900,4435,1,1,0,CollgCr,1Story,6,2004
126000,8775,3,1,0,CollgCr,1Story,5,1994
145000,11040,3,2,0,NWAmes,1Story,6,1971
133000,7500,3,1,1,Sawyer,1Story,5,1963
192000,8749,3,2,0,CollgCr,1Story,7,2002
160000,8800,3,1,0,NAmes,1Story,6,1964
147000,9069,2,1,0,SawyerW,SFoyer,6,1992
252000,10574,3,2,1,Somerst,2Story,8,2005
137500,2522,3,2,0,Edwards,2Story,7,2004
197000,3316,1,1,1,Somerst,1Story,8,2005
160000,2160,2,2,1,Somerst,2Story,7,1999
136500,8400,4,2,0,SWISU,1.5Fin,6,1925
146000,9230,1,1,1,NAmes,1Story,5,1965
129000,5868,2,1,0,NAmes,1Story,5,1956
176432,9317,3,2,0,CollgCr,1Story,6,2006
128000,6000,3,1,0,BrkSide,1.5Fin,4,1936
157000,11880,3,2,0,NWAmes,1Story,7,1978
60000,8400,1,1,0,SWISU,1Story,2,1920
119500,9758,3,1,0,NAmes,1Story,5,1971
135000,7000,2,1,0,NAmes,1Story,5,1960
159500,8910,3,1,0,NAmes,1Story,6,1959
106000,2016,3,2,1,BrDale,2Story,5,1970
325000,12256,3,2,1,NoRidge,2Story,8,1994
179900,10357,3,2,0,SawyerW,1Story,7,1990
274725,23257,3,2,1,Gilbert,2Story,7,2006
280000,11362,3,2,0,NridgHt,1Story,8,2004
205000,10480,4,2,1,NWAmes,2Story,7,1976
129900,7100,2,1,0,NAmes,1Story,5,1957
134500,8923,2,1,0,NAmes,1Story,5,1953
117000,5400,2,1,0,OldTown,1Story,5,1954
318000,12085,3,2,0,NridgHt,1Story,8,2007
130000,9764,3,1,0,Sawyer,1Story,5,1967
140000,13825,3,1,0,Sawyer,SLvl,5,1958
133700,7560,3,1,0,NAmes,1Story,5,1959
118400,8263,2,1,0,IDOTRR,1Story,6,1920
212900,10084,3,2,0,CollgCr,1Story,7,2005
115000,10434,2,1,0,NAmes,1Story,4,1955
174000,3684,2,2,0,Blmngtn,1Story,7,2007
259000,14572,3,2,0,Gilbert,1Story,7,2004
215000,11796,4,2,1,Gilbert,2Story,7,2004
140000,7200,2,1,0,OldTown,SFoyer,5,1980
135000,7804,4,2,0,SWISU,1.5Fin,4,1928
117500,9900,5,2,0,OldTown,2Story,6,1880
239500,9828,3,2,1,SawyerW,2Story,8,1995
169000,8773,3,2,1,Gilbert,2Story,6,1997
102000,6180,2,1,0,BrkSide,1Story,6,1926
119000,9600,3,1,0,NAmes,1.5Fin,6,1950
144000,8731,3,1,0,BrkSide,1Story,5,1920
139000,7350,2,1,0,NAmes,1Story,5,1951
424870,9965,4,3,0,CollgCr,2Story,8,2006
80000,12180,2,1,0,Edwards,1.5Fin,4,1941
149000,6240,3,1,0,BrkSide,1.5Fin,5,1928
174500,12000,3,1,1,Crawfor,2Story,7,1941
143000,9000,3,1,0,OldTown,2Story,7,1920
124000,8280,2,1,0,NAmes,1Story,6,1950
149900,17755,3,1,1,Edwards,1Story,5,1959
230000,14115,2,1,0,Crawfor,1Story,6,1956
218000,10768,3,2,0,Veenker,1Story,5,1976
179900,9350,3,2,0,NAmes,SLvl,5,1965
230000,5001,2,2,0,NridgHt,1Story,7,2007
235128,11932,3,2,0,Somerst,1Story,8,2007
185000,9120,4,2,1,NWAmes,2Story,6,1974
146000,2280,3,2,1,NPkVill,2Story,6,1978
129000,8724,3,1,0,Sawyer,1Story,5,1968
108959,12900,0,0,2,Sawyer,SFoyer,4,1969
233170,9541,3,2,0,NridgHt,1Story,7,2009
245350,10475,3,2,0,CollgCr,1Story,8,2008
173000,10852,3,2,1,Gilbert,2Story,6,2000
235000,13728,4,2,0,Edwards,2Story,6,1935
625000,35760,4,3,1,NoRidge,2Story,10,1995
171000,9880,3,1,0,Mitchel,SLvl,6,1977
163000,9120,3,1,0,NAmes,1Story,6,1958
171900,4017,2,2,1,Somerst,2Story,7,2006
239000,16560,4,2,1,Crawfor,2Story,6,1932
285000,10678,4,2,1,NoRidge,1.5Fin,8,1992
119500,6951,3,1,0,Mitchel,1Story,5,1984
154900,7681,3,1,1,Crawfor,1.5Fin,5,1921
392500,5587,2,2,0,Crawfor,1Story,8,2008
745000,15623,4,3,1,NoRidge,2Story,10,1996
120000,10800,2,1,0,OldTown,1Story,5,1920
186700,35133,3,1,1,Timber,1Story,5,1963
104900,9738,4,1,0,Edwards,1.5Fin,5,1924
95000,10615,3,2,0,OldTown,2Story,3,1900
262000,12461,2,2,0,NoRidge,1Story,8,1994
195000,8935,3,2,1,CollgCr,2Story,7,2002
189000,7500,3,2,1,Gilbert,2Story,7,1999
174000,2645,2,2,1,Somerst,2Story,8,1999
125000,9600,3,1,0,OldTown,1.5Fin,5,1925
158000,9364,4,1,1,Sawyer,2Story,6,1969
176000,8029,3,2,1,Gilbert,2Story,6,2005
219210,14054,4,2,1,Gilbert,2Story,7,2006
144000,8850,3,1,0,OldTown,2.5Unf,7,1916
178000,9100,3,2,0,CollgCr,1Story,7,2001
148000,11235,3,1,1,Sawyer,1Story,4,1963
116050,9353,3,1,0,NAmes,1Story,4,1970
197900,10400,3,2,1,CollgCr,2Story,7,1998
117000,6000,3,1,0,BrkSide,1.5Fin,5,1925
213000,9750,3,2,0,CollgCr,1Story,7,2000
153500,10140,3,1,1,NWAmes,1Story,5,1975
271900,14684,3,2,0,SawyerW,1Story,7,1990
200000,9135,3,2,0,CollgCr,1Story,6,2003
140000,7763,3,1,0,NAmes,1Story,5,1962
290000,10182,3,2,0,Somerst,1Story,8,2006
189000,11218,3,2,1,SawyerW,2Story,6,1992
164000,12134,4,2,0,Gilbert,1.5Fin,8,1988
113000,9340,2,1,0,Edwards,1Story,4,1941
134500,10205,3,1,0,NAmes,SFoyer,5,1962
125000,7094,3,1,0,Sawyer,1Story,5,1966
229456,8640,3,2,0,Somerst,1Story,8,2009
115000,7800,2,1,0,NAmes,1Story,5,1964
134000,8250,3,1,0,Sawyer,1Story,5,1968
143000,10496,3,2,0,NAmes,1.5Fin,6,1949
137900,10680,4,2,0,NAmes,1Story,5,1951
184000,15384,3,2,1,Gilbert,2Story,7,2004
145000,10482,3,1,0,NAmes,SLvl,6,1958
214000,14598,4,2,1,Somerst,2Story,6,2007
147000,8872,2,1,0,NAmes,1Story,5,1965
367294,8769,1,1,1,NridgHt,1Story,9,2008
127000,7910,4,2,0,NAmes,SLvl,5,1960
132500,7728,3,1,0,NAmes,SLvl,5,1962
138887,13132,4,1,1,Crawfor,2Story,5,1914
175500,2628,2,2,1,NridgHt,2Story,7,2003
195000,12393,4,2,1,CollgCr,2Story,7,2004
142500,13072,3,1,1,SawyerW,1Story,6,2005
265900,9037,2,2,0,Timber,1Story,8,2006
224900,8158,3,2,1,CollgCr,2Story,7,2003
248328,9849,3,2,0,Somerst,1Story,7,2007
170000,10625,3,2,0,NWAmes,SFoyer,7,1974
178000,12090,3,3,1,NWAmes,SLvl,6,1984
186500,8125,3,2,1,Somerst,2Story,7,2005
129500,9600,3,1,1,OldTown,2.5Unf,6,1917
119000,7200,3,1,0,NAmes,1Story,5,1950
244000,11160,3,2,1,NAmes,1Story,7,1968
130000,9858,3,1,0,Mitchel,1Story,5,1968
165400,6931,3,2,1,Edwards,2Story,7,2003
127500,6240,3,1,0,BrkSide,1.5Fin,6,1931
301500,14303,2,2,0,NoRidge,1Story,8,1994
190000,9587,2,2,0,Gilbert,SLvl,7,2005
151000,9750,3,1,1,NAmes,1Story,6,1969
128900,9600,2,1,0,NAmes,1Story,5,1956
180500,13515,3,1,0,BrkSide,2Story,6,1919
181000,4060,2,2,0,NAmes,1Story,6,1998
183900,3735,3,2,1,Somerst,2Story,7,1999
122000,10120,4,1,1,OldTown,2.5Unf,7,1910
378500,13214,3,2,0,Timber,1Story,9,2008
144000,11344,3,1,1,NAmes,1.5Fin,5,1958
177000,11512,2,1,0,Edwards,SLvl,6,1959
139000,5362,3,2,0,Crawfor,1.5Fin,5,1910
137000,11345,4,2,0,NAmes,2Story,5,1948
68400,7500,2,1,0,IDOTRR,1.5Fin,4,1920
227000,9808,3,2,0,CollgCr,1Story,7,2002
180000,8049,2,2,0,Timber,1Story,7,1990
150500,8800,3,2,0,CollgCr,1Story,5,1977
169000,9638,4,2,0,SWISU,1.5Fin,6,1919
132500,6000,4,1,0,BrkSide,1.5Fin,6,1939
278000,5664,2,2,0,StoneBr,1Story,8,2000
281000,11065,3,2,1,NridgHt,2Story,8,2006
119500,1680,3,2,1,BrDale,2Story,5,1972
107500,6600,4,2,0,OldTown,2Story,5,1892
162900,10140,4,2,1,NWAmes,2Story,7,1976
115000,8172,2,1,0,Edwards,1Story,5,1955
138500,8400,3,1,1,NAmes,1Story,5,1968
155000,8700,3,2,0,NAmes,1Story,5,1963
140000,3675,2,2,0,Edwards,SFoyer,6,2005
160000,63887,3,2,1,Edwards,2Story,10,2008
154000,7500,3,1,1,NAmes,1Story,5,1959
290000,10120,4,2,1,NoRidge,2Story,8,1994
232000,8688,3,2,0,Somerst,1Story,7,2005
130000,3363,3,2,0,Edwards,2Story,7,2004
325000,13173,2,2,0,NridgHt,1Story,9,2006
202500,6955,2,2,0,NridgHt,1Story,7,2005
138000,8072,3,1,0,CollgCr,1Story,5,1994
147000,12000,2,1,0,OldTown,1Story,5,1948
335000,17500,3,2,0,Crawfor,1Story,7,1959
203000,8814,3,2,0,CollgCr,1Story,7,2005
333168,14774,4,2,1,NoRidge,2Story,9,1999
119000,8190,3,1,0,Edwards,1Story,4,1954
206900,11075,4,2,1,NAmes,2Story,6,1969
295493,10226,3,2,0,CollgCr,1Story,8,2008
208900,4230,2,2,0,Somerst,1Story,7,2006
111000,10215,3,1,0,Edwards,1Story,4,1954
156500,8400,3,1,1,NAmes,1Story,6,1957
190000,10186,3,2,1,NoRidge,2Story,7,1992
147000,9986,2,2,0,Somerst,1Story,8,2006
130500,6600,3,1,0,Mitchel,1Story,5,1982
256000,10440,5,2,0,OldTown,1.5Fin,6,1920
176500,9084,3,2,1,Gilbert,2Story,7,1998
227000,10000,3,2,0,Somerst,1Story,8,2006
132500,10780,3,1,0,CollgCr,SLvl,5,1976
100000,8877,2,1,0,Edwards,1Story,4,1938
125500,7200,2,1,1,IDOTRR,1.5Fin,5,1938
125000,2368,3,1,1,BrDale,2Story,5,1970
167900,9650,2,2,0,NWAmes,1Story,6,1977
135000,9246,4,2,0,NWAmes,1Story,5,1973
200000,13450,3,2,1,CollgCr,2Story,7,2002
128500,9560,3,1,0,CollgCr,1Story,5,1972
123000,8294,3,1,0,NAmes,1Story,4,1971
155000,13695,3,1,0,SawyerW,1Story,6,2003
177000,7558,3,1,1,Crawfor,1.5Fin,6,1928
155835,11103,3,2,1,CollgCr,2Story,7,2006
108500,6000,2,1,0,OldTown,1Story,4,1920
283463,15306,3,2,0,Timber,1Story,8,2006
200000,11643,6,2,2,NAmes,2Story,5,1969
171000,9247,4,1,1,NAmes,2Story,6,1962
134900,6000,2,1,0,BrkSide,1.5Fin,6,1937
410000,14720,4,2,1,NoRidge,1.5Fin,8,1995
170000,10192,4,3,0,NWAmes,SLvl,7,1968
315000,16737,3,2,0,NridgHt,1Story,9,2004
189000,9842,4,3,1,SWISU,2Story,5,1921
260000,16158,3,2,0,StoneBr,1Story,7,2005
156932,8499,3,2,1,Gilbert,2Story,6,2006
144152,3180,2,2,1,Somerst,2Story,7,2005
193000,9179,3,2,1,CollgCr,2Story,7,1999
127000,2665,4,2,0,MeadowV,2Story,5,1977
232000,10635,3,2,0,CollgCr,1Story,8,2003
105000,5400,2,1,0,OldTown,1.5Fin,4,1920
165500,9600,3,1,0,NAmes,SLvl,6,1955
274300,9750,3,2,1,CollgCr,2Story,7,1998
250000,10625,3,2,1,Somerst,2Story,7,2005
239000,10991,3,2,0,Timber,1Story,8,2007
91000,6292,2,1,0,SWISU,1Story,6,1930
117000,10998,3,2,0,Edwards,1.5Fin,5,1941
83000,1953,2,1,1,BrDale,2Story,6,1973
58500,8212,2,1,0,Edwards,1Story,3,1914
157000,7200,4,1,1,OldTown,2Story,7,1920
105000,9060,2,1,0,Edwards,1.5Fin,6,1939
125500,5436,3,1,0,IDOTRR,1.5Fin,4,1922
250000,16692,5,3,1,NWAmes,2Story,7,1978
136000,8520,5,2,0,OldTown,1.5Fin,6,1916
377500,14892,3,2,0,Gilbert,1Story,9,2006
131000,6000,3,1,0,BrkSide,1.5Fin,6,1941
235000,9100,3,2,0,CollgCr,1Story,7,2000
124000,8944,4,2,0,NAmes,1Story,5,1967
123000,7838,3,1,0,NAmes,SFoyer,5,1967
163000,10800,3,2,0,OldTown,1.5Fin,6,1905
246578,4045,2,2,0,Blmngtn,1Story,7,2006
281213,12665,4,2,1,Timber,2Story,8,2005
137500,6120,4,1,1,BrkSide,2Story,5,1920
138000,7200,3,1,1,NAmes,1.5Fin,5,1950
137450,6171,3,2,1,SWISU,1.5Fin,6,1925
120000,6000,3,1,0,BrkSide,1.5Fin,6,1929
193000,7415,3,2,1,Gilbert,2Story,6,2004
193879,6762,2,2,0,CollgCr,1Story,7,2006
282922,15256,3,2,0,Somerst,1Story,8,2007
105000,10410,3,1,0,OldTown,1.5Fin,3,1915
275000,3842,2,2,0,Crawfor,1Story,8,2004
133000,8445,2,1,0,CollgCr,SFoyer,5,1972
125500,7740,3,1,0,OldTown,2Story,4,1910
215000,20544,3,2,1,NWAmes,2Story,7,1986
230000,12420,3,2,1,CollgCr,2Story,7,2001
140000,9600,3,1,1,NAmes,1.5Fin,6,1950
257000,10994,2,2,0,SawyerW,1Story,8,2005
207000,13053,4,1,1,BrkSide,1.5Fin,6,1923
175900,3635,1,2,0,Blmngtn,1Story,7,2007
122500,11340,4,2,0,OldTown,2Story,4,1885
124000,9204,3,1,1,NAmes,1Story,5,1963
179900,11700,3,2,1,NWAmes,2Story,6,1968
127500,4043,2,2,0,NPkVill,1Story,6,1977
136500,4435,1,1,0,CollgCr,1Story,6,2003
142000,10721,3,1,0,NAmes,1Story,6,1959
271000,10944,3,2,1,NoRidge,2Story,7,1994
140000,10930,3,1,1,NAmes,1.5Fin,5,1945
119000,7200,2,1,0,OldTown,1Story,5,1940
192140,21930,4,2,1,Gilbert,2Story,5,2005
64500,10800,4,2,0,OldTown,1Story,4,1927
186500,10261,3,2,1,Gilbert,2Story,6,2000
160000,17400,3,2,0,Mitchel,1Story,5,1977
174000,8400,3,1,1,NAmes,1Story,6,1962
120500,9000,3,1,0,NAmes,1Story,4,1971
394617,12444,2,2,0,NridgHt,1Story,8,2008
149700,7407,2,1,0,OldTown,1Story,6,1957
197000,11584,3,2,1,NWAmes,SLvl,7,1979
191000,11526,3,2,0,Crawfor,2.5Fin,6,1922
310000,11003,3,2,1,Somerst,2Story,10,2008
179600,8500,3,2,0,CollgCr,1Story,7,2004
129000,8400,3,1,0,Sawyer,SFoyer,6,1966
240000,10000,3,2,1,CollgCr,2Story,8,1995
112000,11767,2,1,1,Edwards,2Story,4,1910
287090,9262,3,2,0,Somerst,1Story,8,2008
145000,3675,2,1,0,Edwards,SLvl,5,2005
185000,7500,2,2,0,Somerst,1Story,7,2004
175000,7917,3,2,1,Gilbert,2Story,6,1999
210000,13175,3,2,0,NWAmes,1Story,6,1978
266500,9042,4,2,0,Crawfor,2Story,7,1941
142125,9717,2,1,0,NAmes,1Story,5,1950
147500,9937,3,1,1,Edwards,1Story,5,1965
